Country,Region,Code,Population with at least secondary education (%),Employment rate (%),Unemploy-ment rate (%),Household disposable income per capita (constant USD PPP (refer. year 2015)),Homicide rate (per 100-000 people),Mortality rate (per 1-000 people),Life expectancy (Number of years),Air pollution (level of PM2.5) (µg/m³),Voter turnout (%),Broadband access (% of households),Internet download speed 2021-Q4 (deviation from OECD average (%)),Number of rooms per person,Perceived social network support ,Self assessment of life satisfaction
Australia,New South Wales,AU1,85.8,73.9,5.2,31461.0,0.8,5.52,82.8,9.9,92.16,85.2,-42.4275262295123,2.3,94.7,7.2
Australia,Victoria,AU2,85.8,75.1,5.2,26171.0,1.0,5.44,83.6,8.4,92.62,86.8,-41.5547908274166,2.6,94.7,7.3
Australia,Queensland,AU3,83.9,75.4,5.6,28195.0,0.9,5.66,82.5,6.4,91.22,86.3,-47.2078553983282,2.3,90.7,7.1
Australia,South Australia,AU4,80.2,74.0,5.7,29599.0,0.4,5.83,82.5,5.8,90.05,82.5,-50.698772018412,2.3,93.6,7.2
Australia,Western Australia,AU5,83.9,77.3,4.9,32573.0,1.0,5.39,83.0,8.1,93.07,88.4,-54.6087005290475,2.6,91.9,7.2
Australia,Tasmania,AU6,78.1,73.4,5.5,27808.0,0.6,6.27,81.5,7.0,94.34,83.4,-55.0210453999301,2.6,95.9,7.3
Australia,Northern Territory,AU7,83.2,74.2,4.5,38847.0,1.2,6.4,78.0,7.4,93.15,89.0,-45.6889083516812,2.6,88.3,6.6
Australia,Australian Capital Territory,AU8,90.9,78.7,4.2,53986.0,0.7,5.32,83.5,8.7,77.94,94.1,-46.04466178897261,2.6,95.3,7.3
Austria,Burgenland,AT11,87.0,71.8,5.2,26701.0,1.0,7.71,81.8,11.3,81.5,91.0,-46.3855578622639,1.94,87.3,6.6
Austria,Lower Austria,AT12,87.2,73.9,5.1,26967.0,0.5,7.89,81.3,11.1,80.6,91.0,-47.887224129558994,1.9,92.6,7.3
Austria,Vienna,AT13,83.4,66.2,12.2,24015.0,0.6,7.87,80.2,12.4,72.0,93.0,-11.4280687938115,1.62,89.0,7.1
Austria,Carinthia,AT21,89.6,70.7,5.7,25178.0,0.4,7.32,81.4,10.2,72.4,90.0,-54.65196657417341,1.95,91.9,7.4
Austria,Styria,AT22,86.9,72.9,4.4,25614.0,0.4,7.28,81.1,12.0,74.8,90.0,-53.768887559921794,1.89,87.7,7.2
Austria,Upper Austria,AT31,85.8,76.3,3.8,26089.0,0.3,7.43,81.7,10.7,77.7,91.0,-52.338679715182,1.9,93.3,7.3
Austria,Salzburg,AT32,88.0,75.5,4.7,26254.0,0.7,6.96,82.2,9.5,76.4,92.0,-54.0363786358405,1.74,92.0,7.3
Austria,Tyrol,AT33,85.7,74.1,4.9,25424.0,0.4,6.55,82.4,9.3,71.8,89.0,-45.699040273761,1.75,93.6,7.4
Austria,Vorarlberg,AT34,82.7,76.2,4.1,26938.0,0.3,6.51,82.5,9.4,67.6,94.0,-45.5537519899336,1.81,88.3,7.3
Belgium,Brussels Capital Region,BE1,75.9,57.3,12.5,21774.0,2.0,7.71,79.4,12.9,83.46,93.0,-19.721452150355,1.5,84.6,6.6
Belgium,Flemish Region,BE2,84.1,70.0,4.0,25218.0,0.8,6.72,82.1,11.5,92.16,93.0,-1.28391168490805,2.1,90.9,6.9
Belgium,Walloon Region,BE3,78.8,59.6,8.9,21586.0,1.8,8.51,78.9,10.3,86.63,89.0,-30.5777227786527,2.3,91.6,6.8
Canada,Newfoundland and Labrador,CA10,89.0,64.0,12.8,24340.0,1.5,8.12,79.89,4.2,68.0,89.3,29.2537532860156,2.903,92.7,6.8
Canada,Prince Edward Island,CA11,91.0,72.6,9.0,22832.0,0.0,7.06,81.6,4.0,82.0,89.9,-1.96586744038966,2.705,100.0,7.8
Canada,Nova Scotia,CA12,92.0,71.3,8.4,23360.0,2.3,7.72,80.46,5.0,78.0,89.4,26.058383141735803,2.829,94.1,7.1
Canada,New Brunswick,CA13,90.0,71.1,8.9,22956.0,1.4,7.62,80.84,5.0,80.0,90.1,24.3526856809237,2.782,94.7,7.2
Canada,Quebec,CA24,90.0,75.5,6.1,23311.0,1.0,6.41,82.57,7.7,76.0,88.1,9.7311034604002,2.509,93.1,7.3
Canada,Ontario,CA35,94.0,71.8,8.0,26359.0,1.9,6.82,82.34,6.8,77.0,91.2,26.7345545720433,2.422,91.9,7.0
Canada,Manitoba,CA46,91.0,74.4,6.4,23039.0,4.4,8.47,79.88,4.6,75.0,89.8,3.03563533800921,2.334,93.0,7.1
Canada,Saskatchewan,CA47,91.0,74.9,6.6,25372.0,5.9,8.32,80.06,6.0,81.0,88.7,-14.4679651457481,2.639,94.4,7.1
Canada,Alberta,CA48,93.0,73.1,8.6,28419.0,2.7,7.54,81.46,6.3,80.0,94.4,27.9526273766379,2.441,90.2,7.2
Canada,British Columbia,CA59,94.0,74.6,6.5,28475.0,2.4,6.81,82.39,5.7,76.0,94.5,44.3947108789688,2.429,93.9,7.1
Canada,Yukon,CA60,92.0,,,34591.0,9.3,8.98,79.0,4.4,74.2,,-46.4136372181267,2.418,,
Canada,Northwest Territories,CA61,84.0,,,33628.0,2.2,10.94,77.4,6.3,60.9,,-42.8416048934834,2.283,,
Canada,Nunavut,CA62,63.0,,,25978.0,5.1,14.17,71.1,3.0,53.1,,-89.8450320840997,1.257,,
Chile,Tarapacá,CL01,75.1455894377854,58.9,8.9,7822.0,9.2,5.65,80.92,14.1,39.6,75.23555,43.02971161412941,1.39,91.8,7.0
Chile,Antofagasta,CL02,78.2457995049982,59.5,9.6,8737.0,2.1,6.44,79.15,13.1,40.2,84.28477,72.5264305589005,1.22,92.0,6.0
Chile,Atacama,CL03,69.4956634676024,59.2,9.4,7063.0,2.2,5.44,80.87,15.5,43.2,68.18722,39.5938340898802,1.22,84.6,6.6
Chile,Coquimbo,CL04,68.3908467273763,54.9,10.0,6109.0,1.4,4.89,81.98,14.8,44.6,64.80653,38.35781941731821,1.35,85.3,6.2
Chile,Valparaíso,CL05,74.1463337085785,58.0,9.5,7731.0,3.3,5.52,81.33,16.9,47.2,75.99655,58.4397572160669,1.23,90.1,6.5
Chile,O'Higgins,CL06,65.2563725008998,56.4,9.1,6448.0,3.0,5.33,81.25,24.8,47.9,67.46832,30.6239152130244,1.27,89.9,6.2
Chile,Maule,CL07,58.7514432886865,56.2,7.3,6087.0,3.1,5.46,81.07,26.0,48.3,63.21706,29.350338071107306,1.35,83.4,6.0
Chile,Biobío,CL08,68.5006348664225,53.6,8.1,6499.0,4.8,5.52,80.97,22.1,47.3,69.83467,52.7099986335145,1.14,84.8,6.2
Chile,Araucanía,CL09,60.2453306351048,51.1,7.4,6517.0,2.4,5.83,80.51,32.1,44.1,63.1199,52.9922345575388,1.1,85.3,6.2
Chile,Los Lagos,CL10,60.7601238968466,51.9,3.7,7575.0,2.8,5.65,80.4,29.7,43.1,70.37787,25.940222568639097,1.08,91.3,5.7
Chile,Aysén,CL11,65.8485074361978,69.8,4.7,11369.0,0.9,5.43,81.09,46.8,40.0,75.6982,23.3460371708097,1.13,74.0,4.8
Chile,Magallanes and Chilean Antarctica,CL12,75.1292851780799,66.5,5.5,10467.0,1.1,6.26,80.29,6.9,38.6,80.61657,83.4369337014633,1.01,82.9,6.7
Chile,Santiago Metropolitan,CL13,78.0814280278988,61.7,10.1,9622.0,3.2,5.36,81.55,26.8,48.5,82.02352,73.638994559868,1.35,88.0,6.2
Chile,Los Ríos,CL14,63.61116868219,55.8,8.7,6667.0,2.9,5.78,80.31,32.6,46.2,67.09814,19.2756552844556,1.39,88.8,6.0
Chile,Arica y Parinacota,CL15,76.7936,56.5,6.1,4320.0,7.0,5.46,80.69,13.6,40.4,72.53887,42.6144063829109,1.53,90.7,6.6
Chile,Ñuble,CL16,58.4646402335125,57.4,8.6,,3.7,5.48,80.85,25.9,,,33.4685353158919,1.13,96.8,6.5
Colombia,Antioquia,CO05,58.6227591131558,58.7,16.2,9668.402,28.4,7.0,76.58,17.3,53.64,50.0688512639185,-43.5388998354597,1.06,87.0,6.3
Colombia,Atlántico,CO08,68.6304284075875,56.3,11.2,7296.367,26.6,9.15,77.57,13.0,61.1,46.5574987228038,-34.533703248726,0.88,91.8,5.7
Colombia,Bogotá Capital District,CO11,74.0392359136974,62.8,18.4,11870.388,14.3,7.08,79.61,14.9,54.99,60.5760551218459,-25.712236944772098,1.16,83.8,6.3
Colombia,Bolívar,CO13,55.1416643734155,56.9,10.8,5675.027,19.1,7.63,76.56,12.4,63.09,23.80637427019,-51.57506361994349,0.89,83.9,5.9
Colombia,Boyacá,CO15,51.7417408191348,52.5,12.8,6211.349,6.7,5.85,78.26,15.5,71.9,26.9757421770742,-66.2214202101229,1.16,88.5,5.4
Colombia,Caldas,CO17,54.6171833719941,52.9,16.9,7081.032,16.3,6.32,78.29,16.0,60.07,50.7429261389885,-58.5783441846126,1.17,76.1,6.2
Colombia,Caquetá,CO18,45.2547911911057,65.1,18.0,4942.998,32.5,9.41,73.73,12.4,57.64,23.8693446053815,-78.6123729186349,1.03,84.3,5.6
Colombia,Cauca,CO19,43.0558502322673,52.7,14.5,4725.458,50.5,5.92,76.16,9.8,61.31,30.7639175237592,-71.9387850272028,1.05,87.3,5.0
Colombia,Cesar,CO20,54.57645665505,40.8,16.2,4799.803,22.0,8.04,76.04,15.2,66.7,27.494562232192,-52.5931033597131,0.88,81.1,5.5
Colombia,Córdoba,CO23,46.8103814765169,52.9,16.5,4390.577,14.3,7.06,76.73,15.1,72.28,21.4390252986097,-58.3562572091025,0.89,87.3,4.8
Colombia,Cundinamarca,CO25,60.0593588124891,55.8,16.2,7592.857,12.0,6.4,79.23,15.1,65.59,49.7113961857471,-50.5543195989682,1.05,81.7,5.9
Colombia,Chocó,CO27,45.5469924070821,38.2,11.8,3344.496,38.1,5.44,71.62,13.9,64.21,6.72882314500187,-92.2658231477564,1.01,91.0,4.5
Colombia,Huila,CO41,47.662684254326,64.5,14.4,5562.333,27.9,8.45,76.23,11.7,66.11,35.254070760333,-71.9910124363452,1.06,81.4,5.8
Colombia,La Guajira,CO44,51.2340220274942,66.0,11.7,4056.19,18.1,6.29,70.24,12.7,61.18,9.18896784013574,-68.57923787460159,0.68,76.7,4.6
Colombia,Magdalena,CO47,55.239684940796,45.5,12.9,4936.809,25.6,7.78,75.8,13.4,65.65,25.3353994893847,-58.4349478822518,0.86,88.7,5.5
Colombia,Meta,CO50,54.4726007582855,49.7,20.8,6794.521,27.0,7.86,75.86,15.6,68.82,42.9979629167397,-59.15527800247951,1.1,78.5,5.4
Colombia,Nariño,CO52,44.1393733260382,73.2,9.7,5379.943,21.3,6.2,77.18,9.3,65.8,26.0872807909356,-65.01468122798781,0.95,76.5,5.0
Colombia,Norte de Santander,CO54,50.327106159271,42.0,21.6,4998.28,39.2,9.1,75.66,16.4,59.89,39.0428158286358,-53.164607878576895,1.0,80.9,5.7
Colombia,Quindio,CO63,59.1607984793447,53.2,22.0,7488.021,30.6,7.81,75.63,14.1,53.53,51.1717627203482,-49.4091952375069,1.3,82.7,6.2
Colombia,Risaralda,CO66,55.2964501698698,57.7,14.0,6992.796,23.5,7.29,76.83,14.9,55.44,47.1633068099614,-52.7811703747439,1.17,83.2,6.2
Colombia,Santander,CO68,60.171810285418,56.0,15.2,8362.967,14.7,7.15,78.82,16.1,66.55,47.4958493861536,-45.065669366502,1.13,89.6,6.0
Colombia,Sucre,CO70,48.5950005208734,50.6,15.6,5470.782,23.7,6.85,76.33,14.7,73.0,20.8007444625148,-64.2834020742421,0.89,86.6,4.7
Colombia,Tolima,CO73,49.8282515584581,54.9,22.6,5813.984,26.1,7.27,77.31,14.7,60.79,33.2262192097874,-58.314562961780304,1.11,79.0,5.9
Colombia,Valle del Cauca,CO76,61.8531339896368,64.1,19.2,8918.93,54.1,7.66,75.75,11.0,53.19,51.6348356554741,-44.681909454716,1.17,81.6,6.3
Colombia,Arauca,CO81,,,,,62.4,7.91,75.92,16.3,62.11,24.8847965294662,-90.3806250971472,1.04,79.5,5.7
Colombia,Casanare,CO85,,,,,19.1,7.47,77.16,15.7,75.78,30.5426269825759,-74.93588445199289,1.01,93.0,5.5
Colombia,Putumayo,CO86,,,,,46.7,7.21,74.59,10.8,62.56,24.4287171116742,-86.44358748606051,1.04,76.0,5.7
Colombia,San Andrés,CO88,,,,,57.2,6.59,74.81,11.0,54.09,6.57822941107095,-92.9668795277901,1.04,96.8,7.1
Colombia,Amazonas,CO91,,,,,27.3,10.56,75.41,12.9,60.87,1.21214231192096,,0.94,100.0,7.6
Colombia,Guainía,CO94,,,,,36.9,7.42,72.74,15.3,69.34,2.02538425395049,,0.79,100.0,6.0
Colombia,Guaviare,CO95,,,,,49.7,7.3,75.91,15.4,65.73,14.9811601428511,-90.579827644449,1.05,100.0,9.1
Colombia,Vaupés,CO97,,,,,6.4,5.62,64.5,15.2,63.38,0.269167391460194,,0.62,,
Colombia,Vichada,CO99,,,,,11.3,4.46,71.69,14.8,60.47,4.1,-95.384531892652,0.64,,
Costa Rica,Central ,CR01,44.5489259080071,57.4,17.5,11095.0,8.8,5.8,,14.3,70.04,86.1537804299048,-51.7787585590408,1.05,90.7,7.3
Costa Rica,Chorotega,CR02,38.0702997870176,50.0,17.2,7189.0,8.0,6.28,,15.6,58.92,75.1285580924353,-64.08979394897139,0.98,89.6,7.0
Costa Rica,Central Pacific,CR03,37.887405766165,55.2,12.8,7172.0,31.9,4.67,,14.7,58.6,78.0712842511769,-65.46228160055469,0.97,88.2,6.7
Costa Rica,Brunca,CR04,34.2409966579227,45.2,17.1,6299.0,,4.41,,13.1,57.81,81.2758601809919,-69.6894814309571,1.07,89.3,6.9
Costa Rica,Huetar Caribbean,CR05,34.0143650457892,50.7,12.5,6323.0,29.0,5.1,,13.4,57.06,68.5019249084495,-68.182694612218,0.94,87.9,6.9
Costa Rica,North Huetar ,CR06,21.8263671591686,50.1,16.0,5734.0,,4.19,,15.0,64.99,67.2955737519339,-73.59770092924241,0.94,83.2,7.0
Czech Republic,Prague,CZ01,98.0,77.6,2.4,23777.0,1.3,9.29,80.3,14.1,67.1,94.0,-17.7188647945604,1.4,92.0,6.7
Czech Republic,Central Bohemian Region,CZ02,95.1,75.9,2.6,19062.0,1.3,10.81,78.5,13.1,63.4,89.0,-56.06589148561349,1.5,91.6,6.9
Czech Republic,Southwest,CZ03,93.3,75.6,2.5,17134.0,1.3,10.64,78.6,11.7,60.9,92.0,-52.4566188806396,1.6,93.5,6.8
Czech Republic,Northwest,CZ04,88.0,71.8,4.3,16044.0,1.7,12.48,76.4,12.3,52.3,86.0,-44.4777354118996,1.5,89.8,6.8
Czech Republic,Northeast,CZ05,94.6,74.2,2.4,16939.0,1.0,10.82,78.7,13.2,62.3,87.0,-59.1387365357765,1.6,93.1,7.0
Czech Republic,Southeast,CZ06,95.9,74.5,2.5,17560.0,1.1,10.17,78.8,13.8,62.4,88.0,-47.9101188308884,1.5,94.2,6.8
Czech Republic,Central Moravia,CZ07,94.8,73.2,2.3,16353.0,1.1,10.65,77.8,16.2,60.9,88.0,-56.9813893605434,1.5,93.0,7.0
Czech Republic,Moravia-Silesia,CZ08,93.8,71.4,4.7,16141.0,1.1,11.75,76.8,20.5,55.9,89.0,-49.8884676401855,1.4,93.4,7.3
Denmark,Capital City Region,DK01,86.5,76.5,5.9,21600.0,0.8,7.57,81.5,9.2,85.25,94.0,52.064025627237,1.7,94.7,7.6
Denmark,Zealand,DK02,77.5,74.6,5.2,20601.0,1.3,8.12,80.6,8.8,83.72,91.0,40.5273711578106,2.0,93.9,7.6
Denmark,Southern Denmark,DK03,79.0,75.3,4.6,19897.0,0.7,7.53,81.8,9.6,83.88,90.0,17.2114713911941,2.0,96.2,7.7
Denmark,Central Jutland,DK04,82.5,75.4,5.0,20120.0,0.8,7.39,82.1,8.9,85.62,93.0,33.6618554201913,2.0,95.3,7.6
Denmark,Northern Jutland,DK05,79.4,74.4,5.2,19952.0,0.7,7.76,81.8,8.2,83.18,89.0,24.6349938234086,2.1,95.4,7.8
Estonia,North Estonia,EE001,92.14,77.6,5.9,16840.0,1.9,8.25,79.5,6.7,66.8,91.1,-28.2636331206214,1.43,92.9,6.3
Estonia,West Estonia,EE004,83.49,74.2,6.6,13366.0,0.7,9.06,78.4,6.7,62.4,84.7,-57.1438030782796,1.83,90.9,6.0
Estonia,Southern Estonia,EE008,84.84,71.6,5.8,13614.0,0.0,8.9,78.5,6.3,63.9,86.9,-50.33050104860251,1.76,93.7,6.3
Estonia,Central Estonia,EE009,81.13,70.8,5.5,14255.0,0.8,9.46,77.6,5.2,61.0,82.6,-54.366618003738,1.79,6.1,6.1
Estonia,Northeast Estonia,EE00A,91.5,64.9,12.0,12106.0,6.1,10.28,75.5,5.3,48.2,80.4,-52.12939204932871,1.38,5.8,5.8
Finland,Western Finland,FI19,90.5,72.1,8.0,20436.0,0.6,7.05,82.3,4.8,68.34,96.0,-14.9612002826727,1.95,94.1,7.8
Finland,Helsinki-Uusimaa,FI1B,87.6,75.0,7.9,24235.0,0.6,6.95,82.3,5.7,68.11,98.0,-4.1590088980704,1.8,96.5,7.9
Finland,Southern Finland,FI1C,88.2,72.1,7.7,21261.0,0.6,7.39,81.9,5.1,67.09,95.0,-14.171615433555202,2.1,95.6,7.8
Finland,Eastern and Northern Finland,FI1D,89.9,70.0,8.0,20338.0,0.5,7.56,81.5,4.2,64.45,93.0,-14.9525781698973,2.0,96.5,7.8
Finland,Åland,FI20,85.3,84.3,,23653.0,3.3,6.01,83.3,4.3,47.23,,-15.065384818247098,2.21,88.6,7.5
France,Île-de-France,FR1,82.9,69.8,8.1,26439.0,1.4,6.16,82.7,11.2,79.89,94.0,67.7250428655504,1.45,91.0,6.8
France,Centre - Val de Loire,FRB,80.9,68.9,7.2,23160.0,1.0,6.91,82.4,8.8,80.26,87.0,30.9604804651478,1.93,89.0,6.5
France,Bourgogne-Franche-Comté,FRC,81.8,68.0,7.2,22857.0,0.8,7.03,81.7,8.4,79.37,84.0,9.40630805381421,1.98,93.8,6.7
France,Normandy,FRD,81.3,67.7,7.2,22658.0,0.9,7.29,81.6,9.2,80.89,85.0,17.1675797234264,1.89,93.6,6.7
France,Hauts-de-France,FRE,79.3,63.1,9.2,20678.0,1.3,7.92,80.4,10.6,78.23,87.0,59.25782776638,1.86,93.8,6.5
France,Grand Est,FRF,80.4,65.7,8.2,22316.0,0.9,7.24,81.3,9.3,78.68,88.0,34.909333580301,1.92,92.3,6.5
France,Pays de la Loire,FRG,85.9,69.9,6.0,22047.0,1.0,6.64,83.2,8.1,83.27,88.0,18.3252353470534,1.91,92.6,6.3
France,Brittany,FRH,87.1,69.9,5.9,22080.0,0.9,7.04,82.6,7.7,83.49,86.0,-13.6874864246862,2.04,95.4,6.9
France,Nouvelle-Aquitaine,FRI,84.9,68.8,7.8,22417.0,1.2,6.89,83.1,8.5,80.46,87.0,5.0582592949031095,1.99,92.8,6.8
France,Occitanie,FRJ,83.6,65.4,8.7,21458.0,1.2,6.74,83.2,9.0,81.06,85.0,20.2103110274982,1.89,92.3,6.6
France,Auvergne-Rhône-Alpes,FRK,85.0,69.5,7.3,23398.0,0.9,6.48,82.7,9.5,79.33,88.0,23.209623354714505,1.81,95.2,6.8
France,Provence-Alpes-Côte d’Azur,FRL,80.8,65.7,8.3,23045.0,2.0,7.08,83.0,11.2,78.78,88.0,29.413176819494403,1.64,94.3,6.7
France,Corsica,FRM,72.5,62.1,9.2,21079.0,4.6,6.2,84.0,9.7,68.04,75.0,-12.7296151454515,1.69,98.8,7.2
France,Guadeloupe,FRY1,62.8,51.9,17.5,18997.0,6.7,8.35,80.6,8.4,40.04,75.0,-30.8941104430912,1.68,,
France,Martinique,FRY2,70.8,56.4,13.1,21323.0,5.1,8.68,81.9,10.2,39.88,86.0,-49.0251681847601,1.66,,
France,French Guiana,FRY3,47.7,41.4,14.8,12834.0,9.6,9.07,80.25,14.7,34.35,79.0,-23.5660061234023,0.98,,
France,La Réunion,FRY4,60.8,48.6,18.2,19099.0,1.8,7.54,81.9,6.1,58.68,87.0,39.2432288157178,1.49,,
France,Mayotte,FRY5,,32.2,28.1,7452.0,4.1,13.8,73.3,8.4,43.57,,-87.1474850008949,,,
Germany,Baden-Württemberg,DE1,83.0,77.9,3.2,28465.0,0.7,7.17,82.2,9.8,77.8,88.0,-14.0990256470306,1.7,86.7,7.2
Germany,Bavaria,DE2,87.6,79.1,2.8,29016.0,0.8,7.5,81.6,10.1,79.9,90.0,-20.0961612515917,1.7,86.6,7.0
Germany,Berlin,DE3,86.5,73.6,5.9,23519.0,1.3,7.56,80.9,13.4,75.2,91.0,-3.25977268672917,1.8,92.7,6.9
Germany,Brandenburg,DE4,91.5,77.6,3.1,23852.0,0.5,7.86,80.6,11.0,75.6,85.0,-34.0662872702878,1.9,90.3,7.1
Germany,Bremen,DE5,78.2,69.4,5.2,24201.0,1.3,8.16,80.0,12.2,71.9,77.0,2.39043506655103,1.8,91.1,6.2
Germany,Hamburg,DE6,84.9,75.4,4.5,28429.0,1.3,7.68,81.4,10.8,77.8,92.0,-6.63084479013174,1.8,83.6,7.3
Germany,Hesse,DE7,81.8,73.7,3.9,27151.0,1.1,7.63,81.5,9.7,76.2,92.0,-13.6164291854885,1.7,90.8,6.6
Germany,Mecklenburg-Vorpommern,DE8,91.1,77.0,3.9,22834.0,0.8,7.96,80.4,9.7,71.1,80.0,-36.0685394063735,2.0,93.9,7.0
Germany,Lower Saxony,DE9,81.9,75.6,3.3,25216.0,1.0,8.02,80.9,9.8,74.7,87.0,-18.0228016174416,1.8,90.2,7.3
Germany,North Rhine-Westphalia,DEA,80.9,72.6,4.2,25498.0,0.6,7.94,80.8,11.3,76.4,91.0,-15.8414865515735,1.8,88.3,7.2
Germany,Rhineland-Palatinate,DEB,82.5,75.7,3.8,25935.0,0.6,7.88,81.1,8.9,77.2,91.0,-23.604338611168803,1.8,90.9,7.1
Germany,Saarland,DEC,83.0,75.0,3.8,23861.0,1.3,8.29,80.2,9.1,77.3,81.0,-26.536083676021,1.8,97.0,7.1
Germany,Saxony,DED,94.3,77.9,3.4,23389.0,0.7,7.69,80.5,10.7,76.5,89.0,-35.4615039382983,2.0,89.1,6.8
Germany,Saxony-Anhalt,DEE,91.6,75.7,4.5,22677.0,1.8,8.6,79.7,10.4,67.9,79.0,-41.7479654663547,2.1,86.8,7.0
Germany,Schleswig-Holstein,DEF,87.0,76.9,3.5,26389.0,0.9,7.96,81.2,9.7,78.1,90.0,-7.242906607054669,1.9,84.0,7.2
Germany,Thuringia,DEG,92.7,77.8,3.3,22828.0,0.7,8.19,80.7,9.8,74.9,86.0,-47.5182409309007,2.0,95.7,7.1
Greece,Attica,EL30,88.8,60.8,12.1,17178.0,0.9,8.72,81.1,15.9,59.9,91.0,-67.2740147347167,1.3,80.8,5.7
Greece,North Aegean,EL41,75.9,58.9,14.2,13378.0,0.9,6.86,82.6,8.5,46.93,82.0,-76.2705466832187,1.3,82.6,5.8
Greece,South Aegean,EL42,74.4,53.6,19.4,18830.0,0.9,7.44,82.6,12.1,54.25,82.0,-76.749576690023,1.2,91.5,6.3
Greece,Crete,EL43,72.9,56.8,16.7,14456.0,1.9,7.65,82.6,15.6,64.22,82.0,-79.80805956030011,1.3,86.7,5.9
Greece,"Eastern Macedonia, Thrace",EL51,67.1,54.0,18.8,13316.0,0.5,8.7,80.0,11.9,52.5,81.0,-75.1842056496785,1.2,75.2,5.8
Greece,Central Macedonia,EL52,80.4,53.9,16.5,14392.0,0.4,8.84,80.5,14.4,58.11,81.0,-70.0023399917208,1.3,84.8,5.7
Greece,Western Macedonia,EL53,76.1,52.1,20.3,15261.0,0.0,8.15,81.7,16.8,50.51,81.0,-76.16907572729559,1.2,82.0,5.2
Greece,Epirus,EL54,74.3,50.7,15.6,14417.0,0.0,6.75,83.8,14.1,57.89,81.0,-78.2365144231678,1.3,88.5,5.8
Greece,Thessaly,EL61,78.1,56.2,17.3,13664.0,0.6,8.48,81.5,14.3,60.9,82.0,-76.0367444456794,1.2,67.4,5.3
Greece,Ionian Islands,EL62,69.2,56.8,13.7,19101.0,0.5,8.23,81.5,12.1,50.19,82.0,-82.6759613850888,1.4,83.0,5.7
Greece,Western Greece,EL63,67.3,54.0,17.9,12917.0,0.5,8.51,81.7,13.5,58.39,82.0,-76.8688725410939,1.2,86.4,5.8
Greece,Central Greece,EL64,71.0,55.8,17.5,13127.0,0.4,8.02,82.3,12.6,61.49,82.0,-79.2214210329178,1.3,71.7,5.4
Greece,Peloponnese,EL65,73.1,62.4,13.2,14000.0,0.5,7.87,82.1,13.3,52.99,82.0,-79.3024441388307,1.4,84.5,5.7
Hungary,Budapest,HU11,95.4,78.0,3.0,23190.0,0.7,10.71,77.9,15.7,75.42,96.0,43.4812418238145,1.6,90.6,6.1
Hungary,Pest,HU12,89.7,75.7,3.0,15004.0,1.1,12.0,76.0,13.7,71.87,94.0,24.11555392939309,1.5,90.6,6.1
Hungary,Central Transdanubia,HU21,86.6,75.7,2.1,15586.0,0.8,12.95,75.4,12.4,70.9,92.0,21.043616149233,1.6,96.2,6.2
Hungary,Western Transdanubia,HU22,88.0,76.4,2.3,14750.0,0.3,11.99,76.0,13.0,72.9,92.0,6.460554498357669,1.5,95.8,6.4
Hungary,Southern Transdanubia,HU23,81.8,67.5,4.9,13167.0,0.3,13.04,75.6,14.9,67.9,89.0,-3.49906464206708,1.7,94.8,5.6
Hungary,Northern Hungary,HU31,78.2,67.3,6.3,12029.0,1.4,14.4,73.8,16.1,67.3,86.0,21.8311667971136,1.6,91.1,6.0
Hungary,Northern Great Plain,HU32,79.2,68.5,7.2,12562.0,0.6,13.49,74.8,13.5,66.2,88.0,16.0114134044012,1.5,88.6,5.8
Hungary,Southern Great Plain,HU33,86.2,72.6,4.6,13721.0,0.5,12.99,75.4,13.6,68.2,87.0,-3.33786403637954,1.6,96.2,6.2
Iceland,Greater Reykjavík,IS01,,80.0,6.4,21778.0,1.4,6.65,,5.9,66.8,93.0,49.7459001017964,,96.9,7.5
Iceland,Other regions,IS02,,79.1,5.8,19392.0,0.0,6.76,,4.9,67.21,91.0,36.136485323581205,,98.3,7.6
Ireland,Northern and Western,IE04,85.8,69.5,5.3,19308.0,0.2,6.83,82.9,6.7,63.19,90.0,-24.5188986660052,2.3,92.3,7.1
Ireland,Southern,IE05,86.3,68.1,6.8,21563.0,0.5,6.95,82.5,8.7,63.98,90.0,-22.562511732737,2.3,93.6,7.0
Ireland,Eastern and Midland,IE06,88.8,71.1,6.6,23724.0,1.0,7.03,82.6,8.3,61.56,95.0,2.2366911894009,2.0,92.0,7.1
Israel,Jerusalem district,IL01,74.5,55.3,5.4,9208.0,0.7,6.35,83.35,24.4,65.0,59.9603210785421,-1.75913469670949,0.89,95.0,7.4
Israel,Northern district,IL02,72.3,59.7,4.2,10098.0,2.0,7.36,81.78,13.4,59.3,71.6676438134181,-1.00615223724942,1.03,85.5,6.7
Israel,Haifa district,IL03,80.4,64.8,4.3,13944.0,,6.89,82.48,15.2,60.2,79.6209668704235,18.5949979936778,1.26,92.3,7.0
Israel,Central district,IL04,83.5,73.8,4.3,16067.0,1.8,6.07,84.14,20.4,69.8,79.9036113613399,30.9531799025655,1.29,94.7,7.5
Israel,Tel Aviv district,IL05,86.4,72.9,4.7,18113.0,1.3,6.48,83.54,20.3,65.4,80.0062438442387,33.882880122596,1.3,95.7,7.5
Israel,Southern district,IL06,77.4,64.3,4.4,11138.0,1.1,7.19,81.5,18.5,61.0,69.397703389142,24.8138325157711,1.15,90.0,6.9
Italy,Piedmont,ITC1,64.2,65.0,7.5,23428.0,0.7,6.93,82.4,17.7,75.18,88.0,-17.611365038301,1.4,86.4,6.0
Italy,Aosta Valley,ITC2,62.0,66.5,7.3,22526.0,0.0,6.99,82.2,10.5,72.27,91.0,-52.2433325415339,1.3,85.8,6.9
Italy,Liguria,ITC3,69.0,63.5,8.5,23041.0,0.6,6.84,82.6,10.9,71.96,89.0,-10.9983523499352,1.5,91.6,6.5
Italy,Lombardy,ITC4,64.9,66.5,6.0,24961.0,0.4,6.47,83.1,19.7,76.84,91.0,-21.2172171772278,1.3,87.5,6.7
Italy,Abruzzo,ITF1,68.3,57.8,9.6,18089.0,0.2,7.15,82.3,12.4,75.25,87.0,-26.7324784517575,1.4,85.0,6.4
Italy,Molise,ITF2,63.1,52.3,11.2,16743.0,0.0,7.97,81.1,10.0,71.63,84.0,-34.4495098647331,1.4,100.0,6.7
Italy,Campania,ITF3,53.4,41.3,19.7,15209.0,0.7,8.14,80.6,13.1,68.18,87.0,-23.7886407107899,1.3,85.3,6.3
Italy,Apulia,ITF4,51.7,46.7,14.8,16324.0,0.6,7.41,81.8,11.4,69.08,83.0,-24.751079113257298,1.3,90.6,6.5
Italy,Basilicata,ITF5,63.3,52.5,8.4,16236.0,0.5,7.25,82.0,8.9,71.11,85.0,-33.4456323809877,1.3,83.9,6.5
Italy,Calabria,ITF6,55.7,42.0,18.4,15140.0,0.7,7.72,81.3,10.5,63.64,84.0,-47.474214553861,1.5,86.2,5.9
Italy,Sicily,ITG1,52.4,41.1,19.0,15745.0,0.7,8.03,80.9,9.8,62.76,83.0,-25.3452186289748,1.4,88.8,6.3
Italy,Sardinia,ITG2,54.2,53.6,13.8,17190.0,0.6,6.76,82.5,8.3,65.51,89.0,-30.4661865930209,1.6,90.7,5.9
Italy,Province of Bolzano-Bozen,ITH1,69.7,70.7,3.9,27197.0,0.6,6.45,83.2,9.5,69.04,89.0,-53.4636300323693,1.3,90.4,6.7
Italy,Province of Trento,ITH2,70.4,67.3,4.8,22676.0,0.2,6.24,83.7,12.3,79.37,92.0,-40.888227767572,1.3,90.4,6.7
Italy,Veneto,ITH3,65.5,65.7,5.4,22372.0,0.3,6.47,83.2,19.0,78.69,90.0,-41.1761131374746,1.4,89.0,6.3
Italy,Friuli-Venezia Giulia,ITH4,70.6,67.4,5.8,23537.0,0.2,7.23,82.1,12.6,75.12,90.0,-39.0206637117664,1.6,93.7,6.2
Italy,Emilia-Romagna,ITH5,68.7,68.5,5.6,24629.0,0.3,6.81,82.9,15.4,78.27,92.0,-21.1470588999169,1.5,92.0,6.7
Italy,Tuscany,ITI1,65.3,65.6,7.7,22026.0,0.4,6.67,83.1,12.3,77.47,90.0,-37.9682354694554,1.5,86.1,6.3
Italy,Umbria,ITI2,71.3,64.4,6.8,20837.0,0.1,6.7,83.1,11.7,78.23,87.0,-31.343745590574706,1.4,91.7,7.2
Italy,Marche,ITI3,66.0,64.1,7.3,21191.0,0.6,6.82,83.0,11.9,77.29,87.0,-47.8369181832661,1.4,91.0,7.0
Italy,Lazio,ITI4,71.3,59.8,10.2,21683.0,0.5,6.8,82.6,14.2,72.69,91.0,-20.7820548598247,1.3,89.4,6.5
Japan,Hokkaido,JPA,,75.5,3.0,21489.0,0.5,5.77,83.7,11.1,58.8,57.1087981668146,5.4204215054137,1.9,83.2,5.9
Japan,Tohoku,JPB,,77.9,3.1,20647.0,0.5,6.02,83.5,10.5,58.285,63.6450327129518,-11.862841454311,2.03,90.1,5.8
Japan,"Northern-Kanto, Koshin",JPC,,77.7,3.0,22664.0,0.6,5.84,83.8,12.1,55.958,71.0586596161718,21.847288173471497,1.98,85.9,6.0
Japan,Southern-Kanto,JPD,,77.4,3.1,25636.0,0.7,5.4,84.1,14.1,55.27,80.5222654864446,29.4525287667683,1.7,87.2,6.1
Japan,Hokuriku,JPE,,80.1,2.5,22960.0,0.4,5.67,84.2,11.5,58.4275,72.225980657873,7.39531041534522,2.14,88.7,6.3
Japan,Toukai,JPF,,79.1,2.5,23735.0,0.7,5.56,84.0,12.5,56.26,72.9487992409761,16.5067905442694,1.93,90.5,6.0
Japan,Kansai,JPG,,75.7,3.2,21844.0,1.0,5.44,84.0,12.9,56.912,74.9602495477532,14.0528079063712,1.9,87.0,6.0
Japan,Chugoku,JPH,,77.9,2.5,21900.0,0.7,5.62,84.2,12.1,54.49,63.2843726600258,-10.9964478956708,2.05,88.4,5.9
Japan,Shikoku,JPI,,75.8,2.5,20451.0,0.4,5.84,83.8,12.0,55.56,60.9928503919249,-10.7238029423994,2.13,87.0,5.5
Japan,"Kyushu, Okinawa",JPJ,,76.0,3.2,19698.0,0.7,5.66,84.1,14.4,55.92,60.2156550261029,-12.2528109772101,1.84,91.4,5.8
Korea,Seoul Capital Area,KR01,94.879,66.0,4.1,21779.0,1.2,5.31,84.1,26.4,65.43,99.944535,42.1022789942931,1.53,81.4,6.0
Korea,Gyeongnam,KR02,92.638,63.0,3.7,20187.0,1.6,6.12,82.7,23.6,68.03,99.945588,20.2655481219853,1.64,76.2,5.6
Korea,Gyeongbuk,KR03,91.765,64.1,3.5,19547.0,1.0,6.03,82.7,25.4,66.7,99.905815,22.5216498520154,1.67,76.5,5.7
Korea,Jeolla,KR04,91.922,65.1,2.6,20119.0,1.0,6.02,83.0,26.0,66.9,99.961088,24.2966181721784,1.68,76.4,5.9
Korea,Chungcheong,KR05,92.538,66.5,2.6,20078.0,1.0,5.85,83.2,26.1,58.6,99.907417,30.515659156058,1.65,77.8,5.9
Korea,Gangwon,KR06,90.642,64.9,3.1,19908.0,1.0,6.01,82.8,27.3,66.0,99.85125,29.1260957060822,1.72,81.4,5.8
Korea,Jeju,KR07,94.493,69.3,2.9,19624.0,1.8,5.54,84.0,20.6,62.9,99.719026,16.8536415507733,1.62,86.3,6.2
Latvia,Kurzeme,LV003,86.2,65.8,9.3,11569.0,2.1,12.9,75.0,10.3,56.07,90.1,-41.5843145759611,1.2,89.9,5.8
Latvia,Latgale,LV005,89.5,65.4,9.4,9336.0,3.2,16.16,72.6,10.8,43.4,84.3,-40.925073442065504,1.2,89.7,6.0
Latvia,Riga,LV006,95.1,73.4,7.2,16527.0,3.9,12.12,75.9,17.2,53.53,91.7,16.2117284728062,1.1,88.2,6.2
Latvia,Pieriga,LV007,90.4,72.0,6.5,14469.0,3.4,11.62,76.4,10.8,64.52,89.6,-40.9072565077831,1.2,91.1,6.2
Latvia,Vidzeme,LV008,88.0,67.1,9.2,10672.0,1.6,13.03,75.2,8.7,60.98,89.4,-60.02879564697891,1.2,93.3,6.0
Latvia,Zemgale,LV009,86.7,67.8,8.1,12384.0,3.1,13.75,74.4,10.0,54.93,88.3,-52.0583478172244,1.3,92.7,5.9
Lithuania,Vilnius county,LT011,97.558,,,20847.0,3.0,12.25,75.81,10.1,50.64,87.4,-7.46465031737381,1.52,89.0,6.5
Lithuania,Alytus county,LT021,97.887,70.0,9.1,17068.0,5.2,13.02,74.29,10.0,46.15,86.0,-36.9351586537907,1.65,87.0,6.0
Lithuania,Kaunas county,LT022,96.145,72.6,6.7,18963.0,2.5,11.61,75.53,9.7,48.39,88.6,-9.37259263170794,1.63,86.0,6.3
Lithuania,Klaipeda county,LT023,95.457,73.3,7.6,18800.0,0.9,11.93,75.58,9.0,43.94,85.4,-20.7773303804026,1.53,88.6,6.5
Lithuania,Marijampole county,LT024,90.314,63.8,9.1,14055.0,1.5,13.22,74.84,9.1,44.67,77.6,-41.1150934220757,1.8,84.9,6.7
Lithuania,Panevežys county,LT025,91.651,68.5,11.0,14400.0,1.9,12.29,74.28,8.9,46.84,87.5,-27.9236301015701,1.67,87.4,6.2
Lithuania,Šiauliai county,LT026,91.925,70.1,7.3,16581.0,2.7,12.51,74.82,8.7,45.08,84.3,-37.7453799335204,1.44,89.6,6.4
Lithuania,Taurage county,LT027,88.283,66.9,9.6,16231.0,4.4,13.17,74.78,8.2,43.79,79.9,-49.7335307425375,1.78,88.6,6.6
Lithuania,Telšiai county,LT028,91.876,66.3,7.6,15858.0,2.3,12.23,75.28,7.7,42.63,87.7,-36.6916826923482,1.51,84.4,6.1
Lithuania,Utena county,LT029,90.125,61.4,12.4,14508.0,1.6,13.8,73.54,8.4,45.17,79.4,-34.820833048549,1.95,84.4,6.5
Luxembourg,Luxembourg,LU00,80.3,69.4,5.3,34698.0,0.3,6.97,82.2,8.7,89.7,97.0,22.2425645579969,1.993,90.1,7.2
Mexico,Aguascalientes,ME01,44.74648054,56.8,4.0,4463.0,5.9,9.6,76.0,13.8,50.52,80.3516004616132,-65.81916644112789,1.12,77.4,5.8
Mexico,Baja California,ME02,44.31819788,59.3,2.5,5744.0,77.6,10.55,76.1,16.4,38.47,86.8190871988235,-57.85425441128989,1.11,86.6,7.0
Mexico,Baja California Sur,ME03,47.78097388,65.5,4.5,5257.0,8.8,9.7,76.0,10.9,49.83,83.4791299558751,-61.5303514947716,0.98,75.4,5.8
Mexico,Campeche,ME04,42.38617129,60.8,3.1,3536.0,7.1,9.61,74.9,15.6,63.46,75.7051618873136,-70.8768087258163,0.89,88.8,6.3
Mexico,Coahuila,ME05,43.01760038,58.7,5.0,4635.0,7.3,10.03,75.8,13.5,57.81,80.7817106630992,-64.9418300611745,1.19,73.2,6.7
Mexico,Colima,ME06,45.09404439,67.4,3.2,4924.0,85.3,10.43,75.6,12.3,53.51,82.9180080511867,-73.3960400270324,1.04,80.9,6.6
Mexico,Chiapas,ME07,28.27460733,53.9,3.0,2068.0,9.7,10.67,74.4,18.0,61.33,46.0599561872494,-78.43763893581979,0.75,69.6,5.8
Mexico,Chihuahua,ME08,42.02271024,65.3,3.7,4924.0,92.3,10.88,75.5,13.2,46.73,80.6000288183271,-64.85551795526871,1.24,78.3,6.8
Mexico,City of Mexico,ME09,61.11229533,49.6,7.5,5069.0,14.5,9.93,76.7,17.3,52.25,88.3131133799717,-50.7925633699966,1.24,84.0,7.0
Mexico,Durango,ME10,38.15380158,62.0,4.8,3680.0,8.0,9.18,75.3,13.1,43.06,70.8785038527854,-66.54459814146429,1.1,83.6,6.4
Mexico,Guanajuato,ME11,33.05229924,56.5,5.6,3599.0,82.4,10.64,75.4,14.3,44.21,71.9456493217172,-70.5066533108502,0.98,77.8,5.9
Mexico,Guerrero,ME12,34.4913351,62.3,1.6,2474.0,41.2,9.11,73.5,13.1,57.83,61.4056540148324,-72.2638247446171,0.77,79.8,6.0
Mexico,Hidalgo,ME13,37.32556925,55.8,2.3,3145.0,11.8,9.31,75.2,16.0,46.74,69.3403706272446,-77.1454649674592,1.08,84.4,5.9
Mexico,Jalisco,ME14,43.5620038,62.2,3.5,4275.0,25.9,10.18,75.6,12.9,48.3,82.2048141235029,-63.6473145318313,1.06,80.5,6.4
Mexico,Mexico,ME15,44.08398537,56.6,6.4,3611.0,18.0,9.52,75.6,17.3,54.3,81.8263250586018,-61.521221553274096,1.05,84.0,6.4
Mexico,Michoacan,ME16,31.95183388,58.2,2.1,3477.0,50.0,9.52,75.0,13.2,49.69,66.7728720259851,-76.9469207303366,0.98,72.2,6.1
Mexico,Morelos,ME17,43.5302955,59.1,2.6,3351.0,50.0,10.33,75.4,14.8,53.2,78.3329284876193,-64.4835493691226,1.04,80.7,6.2
Mexico,Nayarit,ME18,42.38703149,77.3,2.8,4271.0,14.7,9.46,75.4,11.5,53.48,75.9277176309215,-70.8028467570976,1.07,84.8,6.7
Mexico,Nuevo Leon,ME19,44.11212356,58.2,4.8,5523.0,15.9,9.37,76.0,14.1,51.18,84.2064207143096,-54.7618287398068,1.17,81.8,6.7
Mexico,Oaxaca,ME20,30.39235889,62.8,1.7,2758.0,20.8,9.87,74.3,14.6,56.62,56.9026693797336,-81.0685321817935,0.88,87.1,5.7
Mexico,Puebla,ME21,37.7160569,58.4,4.1,2758.0,14.6,10.74,75.0,15.7,56.23,66.8790628566022,-68.4165142841203,0.97,75.5,5.8
Mexico,Queretaro,ME22,48.41763192,48.1,5.9,4549.0,9.5,10.26,75.8,15.3,52.13,79.8281697752306,-62.276712156440695,1.09,81.5,6.3
Mexico,Quintana Roo,ME23,47.36555789,52.9,6.3,3710.0,33.5,10.33,75.6,13.8,44.44,82.3407170965182,-65.9775770684018,0.87,80.3,5.5
Mexico,San Luis Potosi,ME24,38.52538987,59.1,3.1,3636.0,28.1,9.63,75.0,14.8,58.98,74.313800587259,-68.3357389318104,1.08,77.8,5.6
Mexico,Sinaloa,ME25,48.51969178,57.3,2.6,4384.0,28.4,9.01,75.3,11.9,49.11,79.714683466983,-65.1516820097696,1.03,81.4,6.3
Mexico,Sonora,ME26,46.59813572,58.9,3.0,4891.0,53.1,10.06,75.5,13.2,43.81,85.8414355384203,-66.3443174713149,1.13,91.8,6.9
Mexico,Tabasco,ME27,43.24137375,51.7,6.1,3300.0,24.2,10.32,75.2,17.4,53.45,68.7241985305792,-75.7248195639178,0.91,80.6,6.3
Mexico,Tamaulipas,ME28,44.86755848,62.2,3.1,4055.0,22.1,9.33,75.4,14.2,52.68,81.9218316670465,-70.6046229052707,1.1,83.8,6.4
Mexico,Tlaxcala,ME29,40.57028413,57.9,5.3,2690.0,11.4,9.56,75.4,16.2,66.48,74.4172382232969,-75.2421078717518,0.99,80.7,5.6
Mexico,Veracruz,ME30,37.78460105,56.6,4.4,2853.0,14.2,10.14,74.7,15.7,60.39,67.0761598492748,-71.0320044237006,1.02,78.7,5.6
Mexico,Yucatan,ME31,41.63170439,63.0,2.6,3527.0,3.1,10.0,74.8,14.1,63.82,79.9413136015227,-67.5066059768352,0.95,83.6,6.6
Mexico,Zacatecas,ME32,32.07112216,60.5,3.8,3256.0,75.6,9.54,75.2,13.0,57.27,72.3318034619502,-79.7573653995728,1.1,81.2,6.3
Netherlands,Groningen,NL11,80.4,77.0,5.5,20616.0,0.9,8.29,81.1,9.7,81.3,99.0,2.08236077555972,2.2,91.8,7.4
Netherlands,Friesland,NL12,78.2,79.9,4.7,20947.0,0.5,7.77,81.9,9.4,82.5,97.0,3.763021483721,2.2,87.8,7.5
Netherlands,Drenthe,NL13,80.5,79.6,3.6,21312.0,0.4,7.93,81.6,9.6,82.4,98.0,7.82956552730871,2.2,97.2,7.7
Netherlands,Overijssel,NL21,79.7,80.7,3.9,20903.0,0.7,7.86,81.2,10.3,83.5,99.0,8.16540640267247,2.1,90.4,7.4
Netherlands,Gelderland,NL22,81.0,80.5,4.0,21810.0,0.6,7.75,81.4,11.3,83.3,99.0,7.6086162496253,2.1,95.4,7.4
Netherlands,Flevoland,NL23,77.9,79.3,4.7,21303.0,1.5,7.96,81.7,10.3,79.7,98.0,27.040349348403296,2.1,92.3,7.4
Netherlands,Utrecht,NL31,84.4,81.9,4.1,24079.0,0.7,7.42,81.8,11.4,84.8,99.0,14.2954346868529,2.0,94.8,7.5
Netherlands,North Holland,NL32,81.8,80.0,4.6,23702.0,1.2,7.64,81.7,11.0,81.9,99.0,15.3175411283523,2.0,94.0,7.4
Netherlands,South Holland,NL33,79.6,78.7,5.2,21947.0,1.2,7.71,81.3,11.2,80.2,98.0,10.9294113598212,2.0,93.0,7.4
Netherlands,Zeeland,NL34,78.7,82.6,3.8,21404.0,0.8,7.9,82.4,11.1,81.3,100.0,0.7563592644139521,2.0,92.7,7.5
Netherlands,North Brabant,NL41,80.3,82.7,3.3,22385.0,0.8,7.59,81.1,11.1,81.3,99.0,12.6851129971115,2.3,93.7,7.4
Netherlands,Limburg,NL42,79.5,77.9,4.0,21389.0,0.8,8.07,80.9,10.4,78.3,98.0,2.52315314846787,2.3,93.5,7.3
New Zealand,Northland,NZ11,73.1,70.2,5.0,16016.0,1.2,8.44,80.4,5.6,77.79,60.0,-23.0935405991363,2.3,94.3,7.0
New Zealand,Auckland,NZ12,84.1,73.6,4.4,22531.0,1.3,6.39,82.7,6.4,75.84,80.0,21.4823564726881,2.0,94.1,7.1
New Zealand,Waikato,NZ13,79.6,75.0,4.2,19535.0,0.9,6.95,81.4,5.8,78.89,71.0,-2.89483677667435,2.3,95.8,7.2
New Zealand,Bay of Plenty,NZ14,81.4,76.5,4.7,19329.0,0.7,7.02,81.2,6.3,78.85,69.0,-7.957593166917571,2.3,96.2,7.3
New Zealand,Gisborne,NZ15,73.4,75.1,5.2,18382.0,2.1,11.4,78.7,6.6,81.33,68.0,-14.8651868997285,2.2,100.0,7.2
New Zealand,Hawke's Bay,NZ16,,,,,0.0,7.47,80.4,6.7,75.89,68.0,-13.0295085442193,2.3,93.8,7.2
New Zealand,Taranaki,NZ17,78.7,83.4,4.9,19075.0,0.9,7.98,81.1,6.6,75.93,69.0,-10.3608344248409,2.4,90.4,7.5
New Zealand,Manawatu-Wanganui,NZ18,78.0,75.6,4.8,18557.0,0.0,8.87,80.4,5.9,80.91,66.0,-11.2191182405388,2.4,94.2,7.4
New Zealand,Wellington,NZ19,86.2,79.6,4.0,24610.0,0.6,6.95,81.9,5.4,83.78,80.0,30.2831959680842,2.2,95.1,7.3
New Zealand,Tasman-Nelson-Marlborough,NZ21,77.1,81.5,3.4,18448.0,0.0,7.96,82.4,7.1,82.75,75.0,-15.705185445439,2.3,94.5,7.6
New Zealand,West Coast,NZ22,,,,,0.0,11.09,80.3,6.9,82.59,75.0,-29.9516347677576,2.1,95.9,7.0
New Zealand,Canterbury,NZ23,79.4,76.2,3.9,20295.0,0.9,6.74,81.9,8.0,81.34,75.0,11.553177839831,2.3,95.1,7.4
New Zealand,Otago,NZ24,81.9,78.4,4.0,19273.0,1.4,7.08,82.4,7.2,82.54,73.0,-1.26843682219085,2.1,96.0,7.6
New Zealand,Southland,NZ25,67.4,80.2,3.6,16504.0,0.0,8.52,80.9,7.3,80.1,76.0,-9.07848370148436,2.3,95.2,7.6
Norway,Innlandet,NO02,80.1,75.2,3.8,23073.0,0.0,7.32,82.1,5.7,75.6,100.0,-13.6354385395216,2.3,93.0,7.3
Norway,Trøndelag,NO06,84.7,77.0,3.7,23864.0,0.6,6.6,83.2,5.1,78.0,100.0,18.0991636235577,2.2,97.0,7.5
Norway,Northern Norway,NO07,79.2,76.1,4.0,23877.0,0.0,7.07,82.2,4.1,74.1,100.0,23.1610674635842,2.2,93.5,7.5
Norway,Oslo and Viken,NO08,82.6,76.6,5.4,25524.0,1.1,6.74,83.1,7.2,77.3,98.0,28.1826641086471,2.13,94.7,7.6
Norway,Agder and Sør-Østlandet,NO09,80.6,73.9,4.7,23239.0,0.1,6.8,82.6,6.3,76.0,98.0,12.6739536041051,2.46,94.1,7.5
Norway,Western Norway,NO0A,84.4,77.2,4.0,24537.0,0.2,6.55,83.4,5.1,78.7,98.0,14.4588446456216,2.37,96.6,7.5
Poland,Lesser Poland,PL21,93.2,68.4,3.3,16778.0,1.0,10.64,77.6,24.1,63.78,90.2,6.68130989866995,1.1,90.6,6.1
Poland,Silesia,PL22,95.2,68.7,3.0,19333.0,1.6,11.96,76.1,24.8,62.25,92.9,8.13835239933058,1.2,85.4,6.0
Poland,Greater Poland,PL41,94.7,73.9,2.2,17575.0,1.3,11.74,76.6,17.3,62.95,93.6,6.893049377327951,1.1,86.4,6.3
Poland,West Pomerania,PL42,91.6,68.1,3.6,17106.0,3.1,11.96,76.2,11.6,57.87,92.2,13.7739879407735,1.2,90.7,6.2
Poland,Lubusz,PL43,93.4,68.4,2.1,15503.0,1.4,12.49,75.8,14.0,57.2,89.1,-3.99713671071431,1.2,83.8,6.3
Poland,Lower Silesia,PL51,93.8,71.3,4.1,18295.0,1.2,11.71,76.2,16.9,60.92,93.8,2.7234080024344,1.2,93.7,6.2
Poland,Opole region,PL52,94.4,72.3,2.8,16230.0,1.4,11.1,76.6,18.9,52.91,87.4,-20.0508282913326,1.3,80.2,5.7
Poland,Kuyavian-Pomerania,PL61,92.0,69.2,4.5,15656.0,0.7,12.19,76.3,14.6,58.1,92.7,-0.943257089646254,1.1,86.6,5.9
Poland,Warmian-Masuria,PL62,86.1,67.0,3.5,15221.0,1.6,12.39,76.1,12.8,53.61,89.6,-3.29707625312024,1.1,74.0,6.4
Poland,Pomerania,PL63,93.5,71.9,2.4,17065.0,1.8,11.13,77.2,12.4,63.46,91.7,14.1055178898945,1.1,90.2,6.1
Poland,Lodzkie,PL71,90.4,70.9,4.5,17730.0,1.7,12.4,75.3,20.2,63.51,88.9,-0.7953269319028949,1.2,79.7,5.8
Poland,Swietokrzyskie,PL72,93.6,68.5,4.6,15196.0,1.3,11.91,76.1,18.8,57.7,86.5,-11.044214641493,1.1,88.8,6.2
Poland,Lublin Province,PL81,92.0,68.1,5.3,15039.0,1.1,12.13,76.5,17.0,58.0,89.8,-9.75977495575742,1.2,89.0,6.3
Poland,Podkarpacia,PL82,93.4,63.0,4.9,14107.0,1.1,11.17,77.5,18.9,58.57,93.0,-31.4329494296253,1.1,89.5,5.8
Poland,Podlaskie,PL84,91.3,70.6,3.2,14705.0,1.2,11.83,77.1,14.2,56.97,87.1,-14.764022684892,1.2,93.4,6.4
Poland,Warsaw capital region,PL91,96.4,78.9,2.1,23692.0,1.4,10.61,78.0,17.1,74.17,95.8,41.8278046071491,1.2,91.3,6.4
Poland,Mazowiecki region,PL92,92.2,69.3,3.9,17068.0,1.2,12.86,75.3,17.0,59.43,92.0,-20.150495444911503,1.1,91.3,6.4
Portugal,North,PT11,54.1,70.0,6.8,15865.0,0.6,7.16,81.3,8.3,56.5,81.4,15.6636228065314,1.6,88.3,5.9
Portugal,Algarve,PT15,60.9,70.5,8.6,21973.0,1.4,8.7,80.3,8.6,45.83,84.5,-30.6820792238597,1.6,85.5,6.1
Portugal,Central Portugal,PT16,56.3,70.4,6.0,17016.0,0.7,7.96,81.5,8.2,53.54,80.9,-7.354379665910179,1.9,87.8,5.7
Portugal,Metropolitan area of Lisbon,PT17,72.2,71.0,7.0,20982.0,0.9,7.85,81.4,9.2,56.42,90.1,26.7137180311291,1.5,89.2,6.1
Portugal,Alentejo,PT18,57.1,70.8,6.8,17422.0,0.7,8.84,80.2,7.4,53.03,79.0,-18.393283421436298,1.8,87.1,6.0
Portugal,Azores (autonomous region),PT20,39.8,63.8,7.3,17623.0,0.0,9.53,77.9,5.6,36.5,88.2,8.95855237525147,1.6,93.8,6.0
Portugal,Madeira (autonomous region),PT30,50.8,64.7,8.2,17217.0,1.2,9.73,79.1,4.8,50.34,87.1,-10.9607208289005,1.7,85.4,6.1
Slovak Republic,Bratislava,SK01,97.2,78.5,2.6,26002.0,1.8,11.35,78.8,13.5,73.05,96.1,0.734542104232738,1.1,91.9,6.6
Slovak Republic,West Slovakia,SK02,94.8,72.6,4.7,16212.0,1.1,12.86,77.1,14.5,66.37,89.5,-37.0080358013029,1.2,90.8,6.3
Slovak Republic,Central Slovakia,SK03,93.5,68.7,7.6,16318.0,0.8,12.95,76.8,16.7,66.66,90.5,-41.4416007190324,1.2,92.5,6.3
Slovak Republic,East Slovakia,SK04,89.8,62.9,11.0,14517.0,0.8,12.96,76.6,16.2,60.85,87.0,-28.225467259058203,1.1,92.9,6.3
Slovenia,Eastern Slovenia,SI03,89.8,69.9,5.1,18414.0,0.3,9.33,79.5,14.9,50.81,91.0,-37.8152468335727,1.6,94.5,6.4
Slovenia,Western Slovenia,SI04,93.0,73.1,4.5,19087.0,0.4,7.57,81.8,13.8,54.77,95.0,-25.8725876596882,1.6,94.0,6.6
Spain,Galicia,ES11,63.9,63.5,11.8,19054.0,0.7,6.45,83.7,7.9,66.62,93.2,24.5807735934567,2.2,93.2,6.1
Spain,Asturias,ES12,69.3,61.0,12.7,20780.0,0.1,7.15,82.2,10.2,65.48,94.3,18.3760458250569,2.1,95.1,5.3
Spain,Cantabria,ES13,68.6,63.9,11.6,20205.0,0.7,6.3,83.2,9.2,70.83,95.0,26.840575085851498,2.1,84.0,6.7
Spain,Basque Country,ES21,76.9,66.9,10.0,26149.0,0.5,6.26,83.4,8.0,68.91,95.5,50.3205830883295,2.0,92.3,6.5
Spain,Navarra,ES22,71.7,66.4,10.7,23436.0,0.3,6.01,83.4,7.7,69.21,96.2,40.9971208383484,2.1,95.1,6.6
Spain,La Rioja,ES23,64.1,68.0,11.8,20943.0,0.9,6.72,82.5,8.3,71.27,94.9,36.731882245261296,2.1,97.6,6.6
Spain,Aragon,ES24,69.5,68.1,10.3,21545.0,0.4,7.04,82.3,8.5,71.5,96.3,31.5999177341742,2.0,93.1,6.7
Spain,Madrid,ES30,74.7,68.9,11.7,25274.0,0.5,5.67,82.3,9.5,74.54,97.5,68.8951863648831,1.9,91.6,6.5
Spain,Castile and León,ES41,64.1,65.0,11.6,20247.0,0.5,6.39,82.4,8.3,71.36,95.6,33.2243720851387,2.3,91.6,6.5
Spain,Castile-La Mancha,ES42,54.2,61.9,15.8,17010.0,0.5,6.86,81.1,9.2,71.37,94.4,40.8658546970439,2.1,83.5,6.1
Spain,Extremadura,ES43,50.3,57.0,19.7,15846.0,0.4,7.24,81.8,6.9,69.12,94.6,28.298260479126103,2.2,94.5,5.7
Spain,Catalonia,ES51,65.7,67.8,11.7,22801.0,0.7,6.68,82.3,11.6,72.17,96.9,45.000260357212,1.9,93.6,6.6
Spain,Valencia,ES52,62.1,61.4,16.1,18067.0,0.7,7.17,82.6,9.4,71.74,96.8,13.0049141385024,2.0,94.5,6.8
Spain,Balearic Islands,ES53,64.7,64.8,15.0,20683.0,0.5,6.39,83.9,7.3,58.71,97.3,13.5430133351102,1.8,97.5,6.8
Spain,Andalusia,ES61,55.2,54.8,21.9,16045.0,0.6,7.71,81.7,11.4,68.25,94.5,18.0421119656564,1.9,91.3,6.3
Spain,Murcia,ES62,55.6,62.0,14.5,16689.0,0.9,7.17,82.4,11.0,69.99,96.9,11.5924031604525,1.9,94.0,6.7
Spain,Canary Islands,ES70,62.2,53.9,23.5,16679.0,0.7,6.66,83.4,7.6,60.46,96.7,-8.71076236352885,1.6,89.7,6.4
Sweden,Stockholm,SE11,89.9,78.3,8.5,25807.0,1.7,6.12,83.8,5.4,86.92,96.0,35.932341969632,1.5,93.9,7.4
Sweden,East Middle Sweden,SE12,86.1,73.3,10.2,21419.0,0.8,6.5,82.9,5.3,87.77,93.0,11.6535881219205,1.7,93.1,7.3
Sweden,Småland with Islands,SE21,85.6,76.1,7.9,20939.0,0.4,6.25,83.4,5.5,88.17,90.0,-3.9382849969314098,1.9,93.7,7.5
Sweden,South Sweden,SE22,85.3,72.2,11.6,21845.0,1.2,6.42,82.8,7.4,86.19,94.0,12.907341123125098,1.8,92.3,7.4
Sweden,West Sweden,SE23,87.8,76.3,8.7,22467.0,0.8,6.3,83.0,6.0,87.24,93.0,14.275542789463898,1.8,91.7,7.4
Sweden,North Middle Sweden,SE31,84.6,72.8,10.1,21078.0,0.9,6.81,82.4,5.1,87.05,93.0,-4.61338921173608,1.9,93.9,7.3
Sweden,Central Norrland,SE32,90.7,78.4,6.6,21308.0,1.3,7.1,82.1,4.3,87.52,93.0,-10.7673070535021,2.0,89.9,7.4
Sweden,Upper Norrland,SE33,91.6,74.7,6.3,21544.0,1.9,6.96,82.2,4.3,87.39,91.0,-9.17110010757391,1.9,89.4,7.4
Switzerland,Lake Geneva Region,CH01,82.7,71.9,7.9,60075.0,0.7,5.79,82.8,9.3,44.89,99.0,44.466012639360905,1.7,94.1,7.5
Switzerland,Espace Mittelland,CH02,87.6,81.4,4.6,53767.0,0.3,6.51,82.9,8.3,45.62,98.0,38.526728342282,1.9,92.3,7.4
Switzerland,Northwestern Switzerland,CH03,88.3,80.0,5.0,58872.0,0.6,6.2,83.5,9.6,45.33,98.0,42.2190695125285,1.8,93.5,7.4
Switzerland,Zurich,CH04,90.1,81.4,4.9,66131.0,0.3,6.25,83.6,9.5,45.23,100.0,60.246690025953,1.8,94.2,7.6
Switzerland,Eastern Switzerland,CH05,88.5,82.2,4.3,57040.0,0.8,6.67,82.7,8.3,43.81,99.0,28.3837961154004,1.9,93.8,7.7
Switzerland,Central Switzerland,CH06,89.6,83.5,3.5,65872.0,0.2,6.35,83.7,9.1,49.56,99.0,39.7479566817262,1.9,97.2,7.7
Switzerland,Ticino,CH07,84.1,70.5,8.1,50547.0,0.3,5.33,82.9,12.6,49.81,99.0,18.8925852819609,1.7,91.1,7.1
Türkiye,Istanbul,TR10,46.2,51.4,12.4,9298.0,6.8,8.91,79.6,21.4,88.18,95.0,-65.9056042360625,1.3,82.9,5.1
Türkiye,Thrace,TR21,45.2,58.4,9.6,7955.0,7.4,9.5,78.4,19.1,88.0,80.0,-70.71982887895561,1.47,79.3,5.1
Türkiye,Southern Marmara - West,TR22,43.0,54.0,8.3,7123.0,7.7,9.4,78.5,19.4,88.7,80.0,-77.2097008671229,1.62,83.3,5.5
Türkiye,Izmir,TR31,45.0,51.3,14.9,8957.0,8.5,9.04,79.2,20.6,88.11,85.0,-68.55523691493221,1.53,83.0,4.8
Türkiye,Southern Aegean,TR32,40.9,55.1,10.6,7724.0,9.5,8.61,79.5,27.1,88.14,85.0,-78.8491273761247,1.45,81.5,4.8
Türkiye,Northern Aegean,TR33,32.4,54.7,7.2,6228.0,11.2,9.87,77.9,25.1,89.95,85.0,-77.0209463935836,1.45,78.7,5.0
Türkiye,Eastern Marmara - South,TR41,45.4,53.6,9.6,7407.0,4.7,9.44,78.8,25.0,89.34,90.0,-72.6721905110348,1.4,86.8,5.4
Türkiye,Eastern Marmara - North,TR42,41.3,52.8,9.7,6745.0,6.2,9.43,78.8,22.8,89.38,90.0,-76.4046277220839,1.27,87.4,5.4
Türkiye,Ankara,TR51,55.1,50.1,13.6,8627.0,5.1,8.6,79.9,19.5,89.58,89.0,-64.7535570044202,1.55,85.3,5.2
Türkiye,Central Anatolia - West and South,TR52,32.6,51.4,8.1,5838.0,9.3,8.9,79.2,22.4,88.88,89.0,-77.63956077324539,1.39,78.9,5.6
Türkiye,Mediterranean region - West,TR61,44.9,53.9,12.0,7455.0,10.4,8.56,79.9,25.0,86.96,87.0,-76.4740911382978,1.5,82.9,5.0
Türkiye,Mediterranean region - Middle,TR62,38.3,48.6,13.4,5277.0,11.1,9.26,78.6,23.9,86.49,87.0,-71.3201442712804,1.31,81.3,4.9
Türkiye,Mediterranean region - East,TR63,34.6,44.6,17.3,4361.0,5.9,8.87,79.0,25.2,86.69,87.0,-84.089730942372,1.26,76.8,4.8
Türkiye,Central Anatolia - Middle,TR71,35.1,49.1,13.2,5723.0,8.1,9.1,78.7,20.6,85.82,84.0,-80.5902927312565,1.36,76.1,4.6
Türkiye,Central Anatolia - East,TR72,37.8,48.5,12.0,5674.0,6.0,8.87,79.1,22.9,87.99,84.0,-71.59019167796839,1.29,73.7,4.4
Türkiye,Western Black Sea - West,TR81,39.9,49.8,11.2,6552.0,4.6,9.33,79.1,23.2,86.33,80.0,-78.0658224617508,1.59,90.4,5.2
Türkiye,Western Black Sea - Middle and East,TR82,33.7,58.3,6.0,6438.0,9.4,8.86,79.2,17.4,84.83,80.0,-80.76541131757689,1.46,92.1,5.4
Türkiye,Middle Black Sea,TR83,33.7,56.0,8.3,6204.0,8.6,8.93,79.1,17.5,87.76,80.0,-73.5420433580667,1.3,87.9,5.4
Türkiye,Eastern Black Sea,TR90,40.8,55.9,10.6,6874.0,6.4,7.92,80.7,17.8,84.17,84.0,-75.83474408851461,1.41,84.5,5.2
Türkiye,Northeastern Anatolia - West,TRA1,38.8,47.6,10.5,4794.0,6.0,8.84,79.1,22.6,85.68,84.0,-72.7111136937167,1.04,72.7,5.1
Türkiye,Northeastern Anatolia - East,TRA2,26.3,47.2,14.1,3227.0,11.3,8.96,78.6,23.4,78.01,84.0,-79.292653793876,0.75,63.9,4.2
Türkiye,Eastern Anatolia - West,TRB1,41.5,47.8,10.6,4681.0,6.1,8.17,80.0,22.4,84.15,88.0,-79.772368772653,1.3,74.7,4.4
Türkiye,Eastern Anatolia - East,TRB2,25.8,39.3,20.6,2674.0,5.4,8.98,78.6,22.8,82.7,88.0,-80.4736119802395,0.84,75.0,3.7
Türkiye,Southeastern Anatolia - West,TRC1,31.4,48.2,10.2,4449.0,7.1,9.68,77.8,27.1,84.36,92.0,-79.4291905305608,0.93,65.1,4.8
Türkiye,Southeastern Anatolia - Middle,TRC2,22.2,36.6,15.2,2756.0,6.7,8.84,78.7,25.1,84.4,92.0,-77.57843212020539,0.78,74.5,4.2
Türkiye,Southeastern Anatolia - East,TRC3,26.3,32.2,30.0,2652.0,3.9,7.94,80.1,26.5,86.94,92.0,-81.1435725347507,0.77,74.1,4.1
United Kingdom,North East England,UKC,78.3,70.2,6.0,20031.0,0.8,9.24,79.8,8.5,64.21,91.0,-16.5636209130563,2.15,92.9,7.2
United Kingdom,North West England,UKD,79.9,72.9,4.7,21811.0,1.4,9.22,80.3,9.9,65.62,95.0,-24.7621476797909,2.13,94.8,7.2
United Kingdom,Yorkshire and The Humber,UKE,79.1,73.8,4.5,21004.0,0.8,8.78,80.6,10.9,64.35,95.0,-23.9262750956832,2.08,87.5,6.9
United Kingdom,East Midlands,UKF,79.0,74.1,4.6,21840.0,0.9,8.36,81.2,10.5,67.17,93.0,-19.776474070724102,2.13,87.7,6.8
United Kingdom,West Midlands,UKG,78.1,73.6,5.1,21491.0,1.5,8.7,80.8,10.3,64.66,98.0,-18.4971949737165,2.06,93.7,7.2
United Kingdom,East of England,UKH,81.1,77.9,3.9,26111.0,0.7,7.57,82.2,10.5,68.25,97.0,-22.5057080482569,2.08,92.5,7.1
United Kingdom,Greater London,UKI,88.2,74.9,5.7,35199.0,1.3,7.65,82.9,11.4,67.47,98.0,-6.45187538521175,1.75,89.3,6.9
United Kingdom,South East England,UKJ,84.0,77.7,3.9,28834.0,0.5,7.4,82.6,10.1,70.2,99.0,-19.4772056041714,2.05,92.9,7.0
United Kingdom,South West England,UKK,83.2,77.4,3.4,24782.0,0.7,7.28,82.2,9.3,72.02,96.0,-29.8410215597048,2.14,90.0,7.0
United Kingdom,Wales,UKL,78.2,73.0,4.3,20234.0,0.6,8.64,80.4,8.7,66.57,93.0,-38.649007127823,2.18,89.4,7.0
United Kingdom,Scotland,UKM,80.7,73.2,4.0,22948.0,1.2,9.36,79.3,6.6,68.07,94.0,-23.1875893293541,1.89,93.5,7.2
United Kingdom,Northern Ireland,UKN,79.2,70.2,3.8,20299.0,1.1,8.28,80.9,8.0,61.75,94.0,-22.9029203922644,1.8,90.7,7.2
United States,Alabama,US01,88.583124,65.5,3.7,37591.0,9.4,11.94,75.2,8.1,63.1,80.1,34.0961154715486,2.72,92.0,7.1
United States,Alaska,US02,94.239102,68.2,7.0,54454.0,6.7,8.7,77.7,6.3,68.8,76.8,43.934139215816096,2.12,72.8,8.2
United States,Arizona,US04,87.701147,71.0,5.1,38855.0,7.1,9.04,78.8,7.4,65.9,82.1,29.234516088787,2.28,97.2,7.5
United States,Arkansas,US05,88.842909,69.2,4.1,37897.0,10.7,11.38,75.7,8.1,56.1,80.9,22.8560596375406,2.55,91.3,7.7
United States,California,US06,85.102059,66.1,7.2,53939.0,5.6,8.16,80.9,10.4,68.5,77.8,52.9960388030913,1.87,90.6,6.8
United States,Colorado,US08,92.775081,74.4,5.2,50474.0,5.1,8.68,80.0,5.5,76.4,88.2,41.7928362738526,2.45,94.8,7.2
United States,Connecticut,US09,92.514341,70.8,6.3,61957.0,3.9,9.01,80.3,7.2,71.5,79.9,58.6609090109862,2.48,91.3,7.3
United States,Delaware,US10,90.797901,74.7,5.2,45229.0,7.4,10.87,78.1,7.6,70.7,87.3,69.1177270821767,2.8,77.5,7.9
United States,District of Columbia,US11,93.084659,75.6,5.9,67042.0,29.1,11.47,78.0,8.4,64.1,78.3,62.5694917094128,2.24,100.0,6.4
United States,Florida,US12,89.811409,69.0,4.7,43583.0,6.0,8.36,79.0,6.3,71.7,77.3,55.9907491853609,2.38,92.1,7.1
United States,Georgia,US13,89.249131,69.5,3.9,40326.0,8.8,10.26,77.4,8.3,68.0,79.4,50.9953554415591,2.46,91.4,6.7
United States,Hawaii,US15,94.083307,67.7,6.5,47702.0,2.8,7.38,80.9,3.9,57.5,81.3,41.8719365015473,1.81,48.9,6.3
United States,Idaho,US16,91.915601,72.9,3.8,39173.0,2.2,8.95,79.5,6.0,68.0,83.7,9.81484144265041,2.43,85.2,7.8
United States,Illinois,US17,91.138879,71.0,5.8,48580.0,9.0,9.83,79.0,9.4,67.0,83.8,49.3614871362984,2.42,88.3,7.3
United States,Indiana,US18,90.308904,71.0,4.0,41310.0,7.4,11.08,77.0,8.5,61.4,80.5,37.713982878322696,2.58,95.0,6.9
United States,Iowa,US19,93.59914,79.6,3.7,43775.0,3.5,9.86,79.0,8.2,73.2,84.3,16.3237162965763,2.67,90.0,6.9
United States,Kansas,US20,91.867048,78.2,3.0,45018.0,3.4,10.23,78.2,7.6,65.9,78.1,30.500322406097304,2.63,94.3,7.5
United States,Kentucky,US21,89.48534,65.4,4.8,36918.0,7.2,11.67,75.5,8.2,64.9,78.5,24.471130117485902,2.6,93.6,6.9
United States,Louisiana,US22,87.392187,64.3,5.4,40646.0,15.8,11.83,75.7,7.5,64.3,76.3,36.5569343761482,2.44,83.2,7.0
United States,Maine,US23,94.444627,74.2,4.7,42772.0,1.6,9.63,78.3,4.6,76.3,78.9,1.06117961601186,3.05,86.8,7.1
United States,Maryland,US24,91.82808,75.3,5.6,52753.0,9.0,9.45,78.5,7.6,71.1,82.9,70.2952225383612,2.55,93.9,7.1
United States,Massachusetts,US25,92.9709,72.5,5.8,59179.0,2.3,8.87,80.4,6.5,72.1,77.1,57.9050035331083,2.42,97.5,6.7
United States,Michigan,US26,92.280583,67.0,5.8,41146.0,7.5,10.43,78.0,7.7,73.9,79.3,37.674991073674704,2.73,85.5,6.5
United States,Minnesota,US27,94.291818,75.9,3.9,48012.0,3.3,8.6,80.4,7.0,80.0,85.4,22.271725321817,2.66,95.7,7.0
United States,Mississippi,US28,87.63764,65.6,5.4,33663.0,10.7,12.84,74.4,7.5,60.2,75.9,55.2864325184568,2.51,96.7,7.3
United States,Missouri,US29,91.917979,72.5,4.3,40933.0,11.7,10.73,76.9,8.2,65.7,80.6,32.4524988019043,2.66,93.0,7.1
United States,Montana,US30,95.62197,77.9,3.1,41837.0,5.0,9.59,78.4,4.9,73.1,81.3,-18.7325382239038,2.71,98.2,7.8
United States,Nebraska,US31,92.435874,82.3,2.5,46087.0,3.5,9.49,79.2,7.3,69.9,81.4,35.7312195843962,2.64,93.3,6.9
United States,Nevada,US32,86.344934,66.3,8.0,43342.0,5.8,9.62,78.0,6.6,65.4,77.8,52.15035746189331,2.18,91.0,6.9
United States,New Hampshire,US33,94.458191,76.2,3.8,53595.0,0.9,9.82,79.4,5.8,75.5,87.8,45.5124516807478,2.73,86.6,6.4
United States,New Jersey,US34,92.130742,69.9,6.4,57413.0,3.5,9.7,80.1,7.8,75.3,81.3,80.06355351212589,2.36,93.2,7.0
United States,New Mexico,US35,87.143602,64.2,6.7,37119.0,7.7,10.25,76.9,5.1,61.3,78.5,-1.54027219839474,2.42,91.9,7.0
United States,New York,US36,89.508612,65.7,7.1,56731.0,4.0,9.25,80.7,7.6,63.6,76.2,60.11577732310091,2.22,91.3,6.8
United States,North Carolina,US37,89.761852,68.1,4.6,40008.0,8.1,9.75,77.6,7.2,71.5,74.3,47.6619822728741,2.56,89.0,6.7
United States,North Dakota,US38,95.519214,77.6,3.2,48669.0,4.1,10.57,78.8,5.2,64.5,80.6,20.5815242218915,2.77,94.8,7.1
United States,Ohio,US39,92.284166,71.0,5.1,42169.0,7.0,10.92,76.9,8.5,67.4,78.3,32.0602048521501,2.7,94.9,7.2
United States,Oklahoma,US40,88.982328,68.6,4.1,40444.0,7.5,11.52,75.7,8.1,55.0,83.2,26.6836945909491,2.46,94.6,7.5
United States,Oregon,US41,91.07995,71.9,5.3,43581.0,2.9,8.55,79.6,6.4,75.5,84.1,30.1198008861678,2.34,92.9,6.9
United States,Pennsylvania,US42,92.472573,70.2,6.5,48367.0,7.8,10.03,78.3,8.3,71.1,76.8,46.4268055167012,2.71,95.7,7.0
United States,Rhode Island,US44,91.238351,74.6,5.2,47017.0,2.9,10.89,79.5,7.0,65.3,83.7,66.30925671247499,2.47,95.5,6.4
United States,South Carolina,US45,89.443496,71.1,3.9,38483.0,10.7,10.59,76.8,7.3,64.5,81.1,42.355372115342,2.61,88.3,7.1
United States,South Dakota,US46,93.360421,81.8,2.2,46619.0,4.5,10.78,78.4,6.3,66.0,79.8,18.9251265266016,2.67,100.0,5.8
United States,Tennessee,US47,89.878369,69.9,4.1,42042.0,9.6,11.49,75.6,7.6,59.8,76.2,53.9932912431228,2.56,92.2,7.0
United States,Texas,US48,85.951742,68.1,5.8,44823.0,6.6,9.88,78.6,7.8,60.4,77.7,54.8343153534917,2.1,90.5,6.9
United States,Utah,US49,93.206444,74.3,3.0,40883.0,3.1,8.76,79.7,7.0,69.2,88.1,35.319465650083096,2.15,96.5,6.8
United States,Vermont,US50,93.750059,75.5,3.8,46535.0,2.2,9.74,79.8,5.6,74.2,80.1,6.898515714393031,3.06,100.0,7.0
United States,Virginia,US51,91.996861,72.2,4.0,49009.0,6.1,9.08,79.1,6.9,73.0,81.7,48.6531144988904,2.56,93.4,6.6
United States,Washington,US53,91.891933,70.5,5.7,54579.0,3.9,8.22,80.0,6.2,75.7,80.3,38.5065921726463,2.34,91.2,7.1
United States,West Virginia,US54,89.87949,65.3,4.8,36154.0,6.5,11.84,74.5,7.1,57.6,77.3,21.6062564032149,2.86,97.3,7.1
United States,Wisconsin,US55,93.431021,76.2,3.8,44439.0,5.2,9.58,79.3,7.9,75.8,82.6,20.7240271699978,2.67,94.4,7.2
United States,Wyoming,US56,94.545161,73.6,4.9,52623.0,3.1,10.24,77.7,4.1,64.6,79.1,-20.1826070074698,2.73,96.6,7.1
