Country,Region,Code,Education,Jobs,Income,Safety,Health,Environment,Civic engagement,Accessiblity to services,Housing,Community,Life satisfaction,Cluster
Australia,New South Wales,AU1,8.5076771281667,8.23461321287408,5.68333877284595,9.80978260869565,9.47032902467685,7.56218905472637,10.0098914930556,5.37556933715112,7.92134831460674,8.87387387387387,8.46153846153846,3
Australia,Victoria,AU2,8.5076771281667,8.42094861660079,4.60427545691906,9.7554347826087,9.94566136508951,8.30845771144279,10.0098920319585,5.5247313046369,9.60674157303371,8.87387387387387,8.84615384615385,3
Australia,Queensland,AU3,8.19263118855745,8.34632034632035,5.01713446475196,9.78260869565217,9.21269095182139,9.30348258706468,10.0098903749178,5.27898591301239,7.92134831460674,7.07207207207207,8.07692307692308,3
Australia,South Australia,AU4,7.57912067458154,8.09862601166949,5.30352480417755,9.91847826086957,9.09782608695652,9.60199004975124,10.009888950583,4.87223816250804,7.92134831460674,8.37837837837838,8.46153846153846,3
Australia,Western Australia,AU5,8.19263118855745,8.85347261434218,5.91016644908616,9.7554347826087,9.61957449382915,8.45771144278607,10.0098925539916,5.15845237999484,9.60674157303371,7.61261261261261,8.46153846153846,3
Australia,Tasmania,AU6,7.2309120044871,8.0660643704122,4.93819353785901,9.86413043478261,8.25705052878966,9.00497512437811,10.009894000424,4.77800027095582,9.60674157303371,9.41441441441442,8.84615384615385,3
Australia,Northern Territory,AU7,8.07656163185931,8.49331827592697,7.18994778067885,9.70108695652174,6.26703877790834,8.80597014925373,10.0098926462695,5.5324068715411,9.60674157303371,5.99099099099099,6.15384615384615,3
Australia,Australian Capital Territory,AU8,9.35332675553891,9.28298513081122,10.0099998147668,9.83695652173913,9.89131374632233,8.1592039800995,7.69907511842996,5.89173460833201,9.60674157303371,9.14414414414414,8.84615384615385,1
Austria,Burgenland,AT11,8.70665351107781,7.90852625635234,4.71238577023499,9.7554347826087,7.44712103407755,6.86567164179104,8.50214301827205,5.65269938848705,5.89887640449438,5.54054054054054,6.15384615384615,3
Austria,Lower Austria,AT12,8.73981624156299,8.26491624317712,4.76664490861619,9.89130434782609,7.05376028202115,6.96517412935324,8.2991202346041,5.59712102092416,5.67415730337079,7.92792792792792,8.84615384615385,3
Austria,Vienna,AT13,8.10972436234449,4.91774891774892,4.1644908616188,9.86413043478261,6.46944770857814,6.31840796019901,6.35912474622152,7.09259191393111,4.10112359550562,6.30630630630631,8.07692307692308,0
Austria,Carinthia,AT21,9.13776900738521,7.58620365142104,4.40172160574413,9.91847826086957,7.49324324324324,7.41293532338309,6.44935709451839,5.27371209753961,5.95505617977528,7.61261261261261,9.23076923076923,3
Austria,Styria,AT22,8.69007214583522,8.32175795219274,4.49065763707572,9.91847826086957,7.3572267920094,6.51741293532338,6.99075118429957,5.30639585098741,5.61797752808989,5.72072072072072,8.46153846153846,3
Austria,Upper Austria,AT31,8.5076771281667,9.03152644456992,4.58754895561358,9.94565217391304,7.58196239717979,7.16417910447761,7.64493570945184,5.43236761324904,5.67415730337079,8.24324324324324,8.84615384615385,3
Austria,Salzburg,AT32,8.87246716350373,8.63457556935818,4.62120593994778,9.83695652173913,8.17126909518214,7.76119402985075,7.35168057748703,5.4425720071573,4.7752808988764,7.65765765765766,8.84615384615385,3
Austria,Tyrol,AT33,8.49109576292411,8.35657820440429,4.45190110966057,9.91847826086957,8.55699177438308,7.86069651741293,6.31400857207309,5.5320318776415,4.8314606741573,8.37837837837838,9.23076923076923,3
Austria,Vorarlberg,AT34,7.99365480564635,8.92508940335027,4.7607294386423,9.94565217391304,8.63836662749706,7.81094527363184,5.36656891495601,5.90259992024132,5.1685393258427,5.99099099099099,8.84615384615385,3
Belgium,Brussels Capital Region,BE1,6.86612196915008,3.44485224920008,3.70736781984334,9.48369565217391,6.1427732079906,6.06965174129353,8.94428152492668,6.78564441263296,3.42696629213483,4.32432432432432,6.15384615384615,0
Belgium,Flemish Region,BE2,8.22579391904264,7.99265951439865,4.40988087467363,9.80978260869565,8.27908343125734,6.76616915422886,10.0098914930556,7.46803864580045,6.79775280898876,7.16216216216216,7.30769230769231,3
Belgium,Walloon Region,BE3,7.34698156118525,4.89290419725202,3.66901925587467,9.53804347826087,5.33049353701528,7.36318407960199,9.65937288517934,6.09168894664669,7.92134831460674,7.47747747747747,6.92307692307692,3
Canada,Newfoundland and Labrador,CA10,9.03828081592965,4.39431582909844,4.23078492167102,9.6195652173913,6.13205052878966,10.0000238095238,5.45680126325288,8.32803101566164,10.0065552876335,7.97297297297297,6.92307692307692,3
Canada,Prince Edward Island,CA11,9.3699081207815,6.88123470732166,3.92318048302872,10.01,7.77761457109283,10.000025,8.61493345364313,7.216380421237,10.006303142329,10.0099,10.0087179487179,3
Canada,Nova Scotia,CA12,9.53572177320742,6.86118953510258,4.03088283289817,9.40217391304348,6.71210340775558,10.0,7.71260997067449,8.21707056650336,10.0064651820431,8.6036036036036,8.07692307692308,3
Canada,New Brunswick,CA13,9.20409446835557,6.67861848296631,3.94847421671018,9.64673913043478,6.98619271445359,10.0,8.16377171215881,8.20506747986083,10.0064054636952,8.87387387387387,8.46153846153846,3
Canada,Quebec,CA24,9.20409446835557,8.21033314511575,4.02088772845953,9.7554347826087,8.7439776733255,8.65671641791045,7.26144822919016,7.51782987524336,9.09550561797753,8.15315315315315,8.84615384615385,3
Canada,Ontario,CA35,9.86734907805926,7.06004140786749,4.64262402088773,9.51086956521739,8.34195064629847,9.1044776119403,7.48702909993233,8.37356510935085,8.60674157303371,7.61261261261261,7.69230769230769,3
Canada,Manitoba,CA46,9.3699081207815,7.94861660079052,3.9654046997389,8.83152173913044,5.89012925969447,10.0000217391304,7.035867358448,7.39418788267266,8.1123595505618,8.10810810810811,8.07692307692308,3
Canada,Saskatchewan,CA47,9.3699081207815,7.96565029173725,4.44129406005222,8.42391304347826,6.08930669800235,9.50248756218905,8.38935258290097,6.66601785795937,9.82584269662921,8.73873873873874,8.07692307692308,3
Canada,Alberta,CA48,9.70153542563334,7.08008658008658,5.06282637075718,9.29347826086956,7.37720329024676,9.35323383084577,8.16377171215881,8.65236944765044,8.71348314606742,6.84684684684685,8.46153846153846,3
Canada,British Columbia,CA59,9.86734907805926,7.9493694711086,5.07424934725849,9.375,8.37588131609871,9.65174129353234,7.26144822919016,9.26821337609633,8.64606741573034,8.51351351351352,8.07692307692308,3
Chile,Tarapacá,CL01,6.74103039840058,4.78420854507811,0.861414817232376,7.52717391304348,8.36075205640423,5.4726368159204,0.0099747474747474,7.81065338611859,2.80898876404494,7.56756756756756,7.69230769230769,0
Chile,Antofagasta,CL02,7.25508755293275,4.66525503482025,1.04805809399478,9.45652173913044,6.86501175088132,5.97014925373134,0.0099751243781094,8.9233327595399,1.85393258426966,7.65765765765766,3.84615384615385,0
Chile,Atacama,CL03,5.80419553734846,4.67927724449464,0.706592689295039,9.42934782608696,8.4619657129156,4.77611940298508,0.0099768518518518,7.16869067529472,1.85393258426966,4.32432432432432,6.15384615384615,0
Chile,Coquimbo,CL04,5.62100183839027,3.82975719932242,0.511994125326371,9.64673913043478,9.06522761625322,5.12437810945274,0.178208887886307,6.8760250245192,2.58426966292135,4.63963963963964,4.61538461538462,0
Chile,Valparaíso,CL05,6.57534015623325,4.4626388104649,0.842852480417755,9.1304347826087,8.67141598119859,4.07960199004975,0.764719151815926,8.31631470848683,1.91011235955056,6.8018018018018,5.76923076923077,0
Chile,O'Higgins,CL06,5.10126321846329,4.33540372670807,0.581143929503916,9.21195652173913,8.6684876417326,0.149253731343284,0.922625761335438,6.7841967016411,2.13483146067416,6.71171171171171,4.61538461538462,0
Chile,Maule,CL07,4.02265714701413,4.8498023715415,0.507506527415144,9.18478260869565,8.57065217391304,0.0074,1.0128581096323,6.42655599759235,2.58426966292135,3.78378378378379,3.84615384615385,0
Chile,Biobío,CL08,5.63920621071857,4.20365142104273,0.591546997389034,8.72282608695652,8.47576380728555,1.49253731343284,0.787277238890141,7.77446146803045,1.40449438202247,4.41441441441441,4.61538461538462,0
Chile,Araucanía,CL09,4.27036406423661,4.02757387539996,0.595218668407311,9.375,8.01630434782609,0.00679,0.0654184525152265,7.29447294856617,1.17977528089888,4.63963963963964,4.61538461538462,0
Chile,Los Lagos,CL10,4.35572381521027,5.27300959909656,0.811031331592689,9.26630434782609,8.07814336075206,0.00703,0.0099767981438515,6.82335609213726,1.06741573033708,7.34234234234234,2.69230769230769,0
Chile,Aysén,CL11,5.19944727481404,7.74948240165631,1.58493798955614,9.78260869565217,8.58153094723357,0.00532,0.009975,7.11592942544811,1.34831460674157,0.0099864864864864,0.0097916666666666,0
Chile,Magallanes and Chilean Antarctica,CL12,6.73832692954871,6.99463579898362,1.40094647519582,9.72826086956522,7.60619858989424,9.05472636815921,0.0099740932642487,8.65631569963115,0.674157303370787,3.55855855855856,6.53846153846154,0
Chile,Santiago Metropolitan,CL13,7.22783251796025,4.8553547901374,1.22858191906005,9.15760869565217,8.83153106748864,0.00732,1.05797428378073,8.7582793964308,2.58426966292135,5.85585585585585,4.61538461538462,0
Chile,Los Ríos,CL14,4.82846596429794,4.36344814605684,0.62581592689295,9.23913043478261,7.94139247943596,0.00674,0.539138281073765,6.33714749905288,2.80898876404494,6.21621621621621,3.84615384615385,0
Chile,Arica y Parinacota,CL15,7.01429304895788,5.26002258610954,0.147070822454308,8.125,8.36413043478261,5.72139303482587,0.0099752475247524,7.59832194652154,3.59550561797753,7.07207207207207,6.15384615384615,0
Colombia,Antioquia,CO05,4.00131955385996,2.54103143233578,1.23804707898172,2.30978260869565,5.08989424206815,3.88059701492537,2.21745995939544,2.76852196944197,0.955056179775281,5.4054054054054,5.0,2
Colombia,Atlántico,CO08,5.66072775184043,3.68351214003388,0.754195292101828,2.79891304347826,4.17523501762632,6.01990049751244,3.90029325513196,2.84535178394232,0.0088636363636363,7.56756756756756,2.69230769230769,2
Colombia,Bogotá Capital District,CO11,6.55758187969726,2.51101072840203,1.68721197780679,6.14130434782609,6.68257931844888,5.07462686567164,2.52199413489736,4.19573368243006,1.51685393258427,3.96396396396396,5.0,2
Colombia,Bolívar,CO13,3.42410652062296,3.89789196310935,0.423471564947781,4.83695652173913,4.65334900117509,6.31840796019901,4.34919918790887,1.0499141202576,0.01,4.00900900900901,3.46153846153846,2
Colombia,Boyacá,CO15,2.86035277811875,2.60860154338415,0.532871450718016,8.20652173913044,6.77996474735605,4.77611940298508,6.33656665914731,0.507838359329577,1.51685393258427,6.08108108108108,1.53846153846154,2
Colombia,Caldas,CO17,3.33714041014927,1.42828910220215,0.710270887728459,5.59782608695652,6.47870152761457,4.5273631840796,3.66794495826754,2.26112830122875,1.57303370786517,0.495495495495493,4.61538461538462,2
Colombia,Caquetá,CO18,1.78472796719227,2.98936570675701,0.274151028067885,1.19565217391304,2.33607429958101,6.31840796019901,3.11978344236409,0.0492327680575818,0.786516853932584,4.18918918918919,2.30769230769231,2
Colombia,Cauca,CO19,1.42011353533832,2.12450592885376,0.229776843994778,0.00495,5.59136310223266,7.61194029850746,3.94766523798782,0.307413406030094,0.898876404494382,5.54054054054054,0.01,2
Colombia,Cesar,CO20,3.33038736446145,0.853472593582888,0.244941865208877,4.04891304347826,4.09371327849589,4.92537313432836,5.16354613128807,1.01223813502571,0.0088636363636363,2.74774774774775,1.92307692307692,2
Colombia,Córdoba,CO23,2.04266607409459,1.54950122341427,0.161467240535248,6.14130434782609,5.13087544065805,4.97512437810945,6.42228739002933,0.798932153989593,0.01,5.54054054054054,0.0097916666666666,2
Colombia,Cundinamarca,CO25,4.2395273970804,2.09072087332957,0.814673833224543,6.76630434782609,6.93551703877791,4.97512437810945,4.91315136476427,2.48276548838212,0.898876404494382,3.01801801801802,3.46153846153846,2
Colombia,Chocó,CO27,1.83317891805662,2.18680509281295,0.0099997010012868,0.00619,5.00500220988633,5.57213930348259,4.60184976314008,0.0104676052697848,0.674157303370787,7.20720720720721,0.0097777777777777,2
Colombia,Huila,CO41,2.18398951065587,3.98710709580275,0.400484048629243,2.44565217391304,3.91994712103408,6.66666666666667,5.03045341755019,0.633432904075635,0.955056179775281,2.88288288288289,3.07692307692308,2
Colombia,La Guajira,CO44,2.77616607087155,5.03820816864295,0.0932584040469974,5.10869565217391,4.44418207073816,6.16915422885572,3.91833972479134,0.420536981988737,0.0085294117647058,0.765765765765767,0.0097826086956521,2
Colombia,Magdalena,CO47,3.44035966891318,1.85347385947386,0.272888585182768,3.07065217391304,4.13895417156287,5.82089552238806,4.9266862170088,0.796023309867653,0.0088372093023255,6.17117117117117,1.92307692307692,2
Colombia,Meta,CO50,3.31316663889296,0.298991055900622,0.651827880221932,2.69021739130435,4.11750881316099,4.72636815920398,5.64177757726145,1.67409752862239,1.17977528089888,1.57657657657658,1.53846153846154,2
Colombia,Nariño,CO52,1.59977645700431,6.76228119706381,0.363279822127937,4.23913043478261,5.95652173913044,7.86069651741293,4.96052334762012,0.552500503125838,0.337078651685393,0.675675675675676,0.01,2
Colombia,Norte de Santander,CO54,2.62578703831844,0.0089080952380952,0.285427545691906,0.00608,3.17097532314923,4.32835820895523,3.62734040153395,1.60694237457151,0.617977528089888,2.65765765765766,2.69230769230769,2
Colombia,Quindio,CO63,4.09053382631667,0.842409316770187,0.793289205287206,1.71195652173913,4.02629259694477,5.4726368159204,2.19264606361381,2.63181030920192,2.30337078651685,3.46846846846847,4.61538461538462,2
Colombia,Risaralda,CO66,3.4497721188767,3.05241859589686,0.692272356396867,3.64130434782609,5.0298178613396,5.07462686567164,2.62350552673133,2.2142394831306,1.57303370786517,3.69369369369369,4.61538461538462,2
Colombia,Santander,CO68,4.25817338652741,2.42480707698099,0.97176219810705,6.03260869565217,6.20593419506463,4.47761194029851,5.12970900067674,2.5240872000412,1.34831460674157,6.57657657657657,3.84615384615385,2
Colombia,Sucre,CO70,2.3385802760282,1.46508563899868,0.381809317885117,3.58695652173913,5.05537602820211,5.17412935323383,6.58470561696368,0.579561100814642,0.01,5.22522522522522,0.0097872340425531,2
Colombia,Tolima,CO73,2.54307013492817,1.10635447204969,0.451816253263708,2.93478260869565,5.30420094007051,5.17412935323383,3.83036318520189,0.991503243583495,1.23595505617978,1.8018018018018,3.46153846153846,2
Colombia,Valle del Cauca,CO76,4.53695981083422,2.53509590062112,1.08516848890339,0.00459,4.19286133960047,7.01492537313433,2.11594856756147,2.84059449586792,1.57303370786517,2.97297297297297,5.0,2
Costa Rica,Central ,CR01,1.66768586648104,1.94522868435912,1.52904699738903,7.63586956521739,9.54054054054054,5.37313432835821,5.91698623956689,5.09913200828634,0.898876404494382,7.07207207207207,8.84615384615385,2
Costa Rica,Chorotega,CR02,0.593441206657785,0.887069452286844,0.732294386422977,7.85326086956522,8.89189189189189,4.72636815920398,3.40852695691405,3.83822479724758,0.50561797752809,6.57657657657657,7.69230769230769,2
Costa Rica,Central Pacific,CR03,0.563114881053353,3.02785620176925,0.728826697127937,1.35869565217391,10.0000214132762,5.17412935323383,3.33634107827656,4.0023587561972,0.449438202247191,5.94594594594595,6.53846153846154,2
Costa Rica,Huetar Caribbean,CR05,0.0099706006565563,2.42000752870318,0.555646214099217,2.14673913043478,10.0000196078431,5.82089552238806,2.98894653733363,3.20274487273007,0.280898876404494,5.81081081081081,7.30769230769231,2
Czech Republic,Prague,CZ01,10.0098979591837,9.62735002587992,4.11594321148825,9.67391304347826,5.56433607520564,5.4726368159204,5.25377847958493,6.93280058819846,2.86516853932584,7.65765765765766,6.53846153846154,0
Czech Republic,Central Bohemian Region,CZ02,10.0098948475289,9.33305100696405,3.15416938642298,9.67391304347826,3.5590481786134,5.97014925373134,4.41912925783894,5.14834298506219,3.42696629213483,7.47747747747747,7.30769230769231,0
Czech Republic,Southwest,CZ03,9.75127952136112,9.3167701863354,2.76089262402089,9.67391304347826,3.72826086956521,6.66666666666667,3.85517708098353,5.50104070306386,3.98876404494382,8.33333333333333,6.92307692307692,0
Czech Republic,Northwest,CZ04,8.87246716350373,8.18125352907962,2.53855254569191,9.56521739130435,1.28936545240893,6.3681592039801,1.91518159260095,5.35811929708345,3.42696629213483,6.66666666666666,6.92307692307692,0
Czech Republic,Northeast,CZ05,9.96683726951482,9.09939971532091,2.72111618798956,9.7554347826087,3.66098707403055,5.92039800995025,4.17099030002256,4.88853720955392,3.98876404494382,8.15315315315315,7.69230769230769,0
Czech Republic,Southeast,CZ06,10.0098957247132,9.14596273291926,2.8477888381201,9.72826086956522,4.1545240893067,5.62189054726368,4.19354838709677,5.37715920682424,3.42696629213483,8.64864864864865,6.92307692307692,0
Czech Republic,Central Moravia,CZ07,10.0,8.94412111801242,2.60158289817232,9.72826086956522,3.28672150411281,4.42786069651741,3.85517708098353,5.04142122113469,3.42696629213483,8.10810810810811,7.69230769230769,0
Czech Republic,Moravia-Silesia,CZ08,9.83418634757408,7.99792960662526,2.55833877284595,9.72826086956522,2.0,2.28855721393035,2.72727272727273,5.37697643082202,2.86516853932584,8.28828828828829,8.84615384615385,0
Denmark,Capital City Region,DK01,8.62374668486485,8.4262187088274,3.671875,9.80978260869565,7.37867215041128,7.91044776119403,9.34807128355515,9.51554431623719,4.55056179775281,8.87387387387387,10.0,3
Denmark,Zealand,DK02,7.13142381303155,8.34330886504799,3.46809725848564,9.67391304347826,6.51792009400705,8.10945273631841,9.00293255131965,8.86944522625986,6.23595505617978,8.51351351351352,10.0,3
Denmark,Southern Denmark,DK03,7.38014429167043,8.63382269904009,3.32449412532637,9.83695652173913,7.56874265569917,7.71144278606965,9.03902549063839,7.93345924413212,6.23595505617978,9.54954954954955,10.0087012987013,3
Denmark,Central Jutland,DK04,7.96049207516116,8.52813852813853,3.36998204960836,9.80978260869565,7.82638072855464,8.05970149253731,9.43153620572975,8.76142102458488,6.23595505617978,9.14414414414414,10.0,3
Denmark,Northern Jutland,DK05,7.4464697526408,8.31225296442688,3.33571312010444,9.83695652173913,7.41333725029377,8.40796019900498,8.88111888111888,8.13517405667892,6.79775280898876,9.18918918918919,10.0087179487179,3
Estonia,North Estonia,EE001,9.55893568454705,8.59702616224355,2.70092199738903,9.51086956521739,5.83225616921269,9.15422885572139,5.18610421836228,6.33071614180031,3.03370786516854,8.06306306306306,5.0,3
Estonia,West Estonia,EE004,8.12464759106282,7.85695463956334,1.99228949086162,9.83695652173913,4.68713278495887,9.15422885572139,4.19354838709677,4.79438420485339,5.2808988764045,7.16216216216216,3.84615384615385,0
Estonia,Southern Estonia,EE008,8.34849602183782,7.69565217391304,2.04287695822454,10.01,4.84958871915394,9.35323383084577,4.53191969321002,5.20723615554234,4.8876404494382,8.42342342342342,5.0,3
Estonia,Central Estonia,EE009,7.73332737133765,7.66233766233766,2.17362924281984,9.80978260869565,3.98207990599295,9.90049751243781,3.87773516805775,4.74379084790557,5.0561797752809,0.0098360655737704,4.23076923076923,0
Estonia,Northeast Estonia,EE00A,9.45281494699446,4.77649162431771,1.73527251958225,8.3695652173913,2.28672150411281,9.85074626865672,0.990300022558087,4.66590917782622,2.75280898876404,0.0098275862068965,3.07692307692308,0
Finland,Western Finland,FI19,9.28700129456854,7.10662525879917,3.43444027415144,9.86413043478261,8.16480611045828,10.0000208333333,5.53349875930521,7.18094117538463,5.95505617977528,8.6036036036036,10.0087179487179,3
Finland,Helsinki-Uusimaa,FI1B,8.80614170253336,7.58723884810841,4.20936684073107,9.86413043478261,8.23237367802585,9.65174129353234,5.48161515903451,7.72681880384207,5.1123595505618,9.68468468468468,10.0087341772152,3
Finland,Southern Finland,FI1C,8.90562989398892,7.19753434970826,3.60272519582245,9.86413043478261,7.71768507638073,9.9502487562189,5.25152267087751,7.13712645223321,6.79775280898876,9.27927927927928,10.0087179487179,3
Finland,Eastern and Northern Finland,FI1D,9.18751310311298,6.78053830227743,3.41445006527415,9.89130434782609,7.38542890716804,10.0000238095238,4.65598917211821,6.96214583423339,6.23595505617978,9.68468468468468,10.0087179487179,3
Finland,Åland,FI20,8.42477030195374,10.009881376038,4.09064947780679,9.1304347826087,9.41098707403055,10.000023255814,0.77148657793819,4.79239928629433,7.41573033707865,6.12612612612612,9.61538461538462,3
France,Île-de-France,FR1,8.02681753613153,6.71917937135328,4.65894255874674,9.64673913043478,8.98354876615746,6.91542288557214,8.13895781637717,9.63242644775858,3.14606741573034,7.20720720720721,6.92307692307692,3
France,Centre - Val de Loire,FRB,7.69519023127969,6.85215509128553,3.99008648825065,9.7554347826087,8.31374853113984,8.10945273631841,8.22242273855177,8.22321117051743,5.84269662921348,6.30630630630631,5.76923076923077,3
France,Bourgogne-Franche-Comté,FRC,7.84442251846301,6.7124035384905,3.92828002610966,9.80978260869565,7.85223266745006,8.30845771144279,8.02165576359125,7.20635240752296,6.12359550561798,8.46846846846847,6.53846153846154,3
France,Normandy,FRD,7.76151569225005,6.66581968755882,3.88768766318538,9.78260869565217,7.62220916568742,7.91044776119403,8.36453868711933,7.56664400501449,5.61797752808989,8.37837837837838,6.53846153846154,3
France,Hauts-de-France,FRE,7.42988838739821,5.3454733672125,3.48380385117493,9.67391304347826,6.54435957696827,7.21393034825871,7.76449357094519,9.12010447497403,5.44943820224719,8.46846846846847,5.76923076923077,3
France,Grand Est,FRF,7.61228340506673,6.05223037831734,3.81792591383812,9.78260869565217,7.49294947121034,7.86069651741293,7.86600496277916,8.44240084387439,5.78651685393258,7.79279279279279,5.76923076923077,3
France,Pays de la Loire,FRG,8.5242584934093,7.37107095802748,3.76305483028721,9.7554347826087,8.93096357226792,8.45771144278607,8.90142115948567,7.8286046047361,5.73033707865169,7.92792792792792,5.0,3
France,Brittany,FRH,8.7232348763204,7.40137398833051,3.76978622715405,9.78260869565217,8.33460634547591,8.65671641791045,8.95104895104895,6.4977012487023,6.46067415730337,9.18918918918919,7.30769230769231,3
France,Nouvelle-Aquitaine,FRI,8.35844484098337,6.65480895915679,3.83852806788512,9.70108695652174,8.70769682726204,8.25870646766169,8.2675389127002,7.26454065880093,6.17977528089888,8.01801801801802,6.92307692307692,3
France,Occitanie,FRJ,8.14288709282967,5.85413137587051,3.64290959530026,9.70108695652174,8.86339600470035,8.00995024875622,8.4028874351455,7.67925893317522,5.61797752808989,7.79279279279279,6.15384615384615,3
France,Auvergne-Rhône-Alpes,FRK,8.37502620622596,6.91501976284585,4.0386341383812,9.78260869565217,8.76733254994124,7.76119402985075,8.01263252876156,8.00938133117783,5.1685393258427,9.0990990990991,6.92307692307692,3
France,Provence-Alpes-Côte d’Azur,FRL,7.67860886603709,6.02192734801431,3.96662859007833,9.48369565217391,8.52497062279671,6.91542288557214,7.88856304985337,8.23898186371336,4.21348314606742,8.69369369369369,6.53846153846154,3
France,Corsica,FRM,6.30235555090194,5.19019386410691,3.56560052219321,8.77717391304348,9.50494047619048,7.66169154228856,5.46582449808256,5.72973347906403,4.49438202247191,10.0098987854251,8.46153846153846,3
Germany,Baden-Württemberg,DE1,8.04339890137412,9.46179183135705,5.07220953002611,9.83695652173913,8.02937720329025,7.61194029850746,7.66749379652605,6.62854601999449,4.55056179775281,5.27027027027027,8.46153846153846,3
Germany,Bavaria,DE2,8.80614170253336,9.76933935629588,5.18460345953003,9.80978260869565,7.48031727379553,7.46268656716418,8.14121362508459,6.55266154954379,4.55056179775281,5.22522522522522,7.69230769230769,3
Germany,Berlin,DE3,8.62374668486485,7.97590814982119,4.06331592689295,9.67391304347826,7.0593419506463,5.82089552238806,7.08098353259644,7.24883349106739,5.1123595505618,7.97297297297297,7.30769230769231,3
Germany,Brandenburg,DE4,9.45281494699446,9.4455110107284,4.13124184073107,9.89130434782609,6.69359576968272,7.01492537313433,7.1712158808933,5.67042062072411,5.67415730337079,6.89189189189189,8.07692307692308,3
Germany,Bremen,DE5,7.2474933697297,7.53585544889893,4.20243146214099,9.67391304347826,6.16480611045828,6.4179104477612,6.33656665914731,6.43541994802116,5.1123595505618,7.25225225225225,4.61538461538462,3
Germany,Hamburg,DE6,8.35844484098337,8.67965367965368,5.06486618798956,9.67391304347826,7.25,7.11442786069652,7.66749379652605,7.19710445019992,5.1123595505618,3.87387387387387,8.84615384615385,3
Germany,Hesse,DE7,7.84442251846301,8.59749670619236,4.80417754569191,9.72826086956522,7.33813160987074,7.66169154228856,7.3065644033386,6.93856006812088,4.55056179775281,7.11711711711711,6.15384615384615,3
Germany,Mecklenburg-Vorpommern,DE8,9.38648948602409,9.10991906644081,3.9235884464752,9.80978260869565,6.51733254994125,7.66169154228856,6.15610196255357,5.23112424495228,6.23595505617978,8.51351351351352,7.69230769230769,3
Germany,Lower Saxony,DE9,7.86100388370561,9.07434594391116,4.40947291122715,9.7554347826087,6.74853113983549,7.61194029850746,6.96819309722536,6.41028448013714,5.1123595505618,6.84684684684685,8.84615384615385,3
Germany,North Rhine-Westphalia,DEA,7.69519023127969,8.33578016186712,4.46699575718016,9.86413043478261,6.74823736780258,6.86567164179104,7.35168057748703,6.78317002576825,5.1123595505618,5.99099099099099,8.46153846153846,3
Germany,Rhineland-Palatinate,DEB,7.96049207516116,8.93835874270657,4.55613577023499,9.86413043478261,6.95182138660399,8.05970149253731,7.53214527408076,6.49585808802212,5.1123595505618,7.16216216216216,8.07692307692308,3
Germany,Saarland,DEC,8.04339890137412,8.82966309053266,4.13307767624021,9.67391304347826,6.18566392479436,7.96019900497512,7.55470336115497,5.65696936847904,5.1123595505618,9.90990990990991,8.07692307692308,3
Germany,Saxony,DED,9.91709317378704,9.40118577075099,4.03679830287206,9.83695652173913,6.75411280846063,7.16417910447761,7.37423866456125,5.91093468033661,6.23595505617978,6.35135135135135,6.92307692307692,3
Germany,Saxony-Anhalt,DEE,9.46939631223705,8.72623753058536,3.89156331592689,9.53804347826087,5.70446533490012,7.31343283582089,5.43424317617866,4.9478841089081,6.79775280898876,5.31531531531531,7.69230769230769,3
Germany,Schleswig-Holstein,DEF,8.70665351107781,9.21560323734237,4.64874347258486,9.78260869565217,6.9521151586369,7.66169154228856,7.7351680577487,7.02837504632513,5.67415730337079,4.05405405405405,8.46153846153846,3
Germany,Thuringia,DEG,9.65179132990557,9.41596085074346,3.92236455613577,9.83695652173913,6.52497062279671,7.61194029850746,7.01330927137379,5.24558674774648,6.23595505617978,9.32432432432432,8.07692307692308,3
Greece,Attica,EL30,9.00511808544447,4.10954263128176,2.76986781984334,9.78260869565217,6.38425381903642,4.5771144278607,3.62959621024137,4.87959396608851,2.30337078651685,2.61261261261261,2.69230769230769,0
Greece,North Aegean,EL41,6.86612196915008,3.1781479390175,1.99473727154047,9.78260869565217,8.45622796709753,8.25870646766169,0.703812316715542,3.88927877394711,2.30337078651685,3.42342342342342,3.07692307692308,0
Greece,South Aegean,EL42,6.61740149051119,0.904651118012423,3.10684562663185,9.78260869565217,8.06433607520564,6.46766169154229,2.35506429054816,3.87154933141273,1.74157303370787,7.43243243243243,5.0,0
Greece,Crete,EL43,6.36868101187231,2.09448522492001,2.2146295691906,9.51086956521739,7.92244418331374,4.72636815920398,4.60410557184751,3.76335141996516,2.30337078651685,5.27027027027027,3.46153846153846,0
Greece,"Eastern Macedonia, Thrace",EL51,5.40696182780196,1.02333897986072,1.98209040469974,9.89130434782609,5.79994124559342,6.56716417910448,1.96029776674938,3.85644733293607,1.74157303370787,0.0900900900900914,3.07692307692308,0
Greece,Central Macedonia,EL52,7.61228340506673,1.70478072651986,2.20157473890339,9.91847826086957,5.97708578143361,5.32338308457711,3.2258064516129,4.04823404378646,2.30337078651685,4.41441441441441,2.69230769230769,0
Greece,Western Macedonia,EL53,6.89928469963526,0.671686863354038,2.37883485639687,10.01,7.0954759106933,4.12935323383085,1.51139183397248,3.819996177065,1.74157303370787,3.15315315315315,0.76923076923077,0
Greece,Epirus,EL54,6.6008201252686,1.48061358930924,2.20667428198433,10.01,9.13331871250726,5.4726368159204,3.17617866004963,3.74347793179609,2.30337078651685,6.08108108108108,3.07692307692308,0
Greece,Thessaly,EL61,7.2309120044871,1.81949934123847,2.05307604438642,9.86413043478261,6.76380728554641,5.37313432835821,3.85517708098353,3.8979320592862,1.74157303370787,0.0099851632047477,1.15384615384615,0
Greece,Ionian Islands,EL62,5.7551704978964,3.00357613401092,3.16212467362924,9.89130434782609,6.93272620446533,6.46766169154229,1.43920595533499,3.76395619067677,2.86516853932584,3.6036036036036,2.69230769230769,0
Greece,Western Greece,EL63,5.44012455828715,1.29606625258799,1.90070169712794,9.89130434782609,6.85223266745006,5.77114427860697,3.28896909542071,3.86713405699128,1.74157303370787,5.13513513513514,3.07692307692308,0
Greece,Central Greece,EL64,6.05363507226306,1.69678147939017,1.94353785900783,9.91847826086957,7.50940070505288,6.21890547263682,3.98826979472141,3.78006357559621,2.30337078651685,0.0099860529986053,1.53846153846154,0
Greece,Peloponnese,EL65,6.40184374235749,4.02465650291737,2.12161390339426,9.89130434782609,7.50205640423031,5.87064676616915,2.07083239341304,3.77706481877548,2.86516853932584,4.27927927927928,2.69230769230769,0
Hungary,Budapest,HU11,10.0098951781971,9.53792584227367,3.99620593994778,9.83695652173913,3.30052878965923,4.67661691542289,7.13061132415971,9.34396208050105,3.98876404494382,7.02702702702702,4.23076923076923,3
Hungary,Pest,HU12,9.1543503726278,9.18078298513081,2.3264115535248,9.72826086956522,1.39629847238543,5.67164179104478,6.32979923302504,8.4811397573322,3.42696629213483,7.02702702702702,4.23076923076923,0
Hungary,Central Transdanubia,HU21,8.64032805010744,9.33232194616977,2.44512891644909,9.80978260869565,0.493482934782612,6.31840796019901,6.11098578840514,8.22136756091324,3.98876404494382,9.54954954954955,4.61538461538462,0
Hungary,Western Transdanubia,HU22,8.87246716350373,9.44101552795031,2.27460019582245,9.94565217391304,1.40305522914218,6.01990049751244,6.56214752988947,7.68163194969478,3.42696629213483,9.36936936936937,5.38461538461539,0
Hungary,Southern Transdanubia,HU23,7.84442251846301,7.3317334839074,1.95169712793734,9.94565217391304,0.602174086956519,5.07462686567164,5.43424317617866,7.09390072152791,4.55056179775281,8.91891891891892,2.30769230769231,0
Hungary,Northern Hungary,HU31,7.2474933697297,6.87643515904385,1.71956592689295,9.64673913043478,0.0092732249322493,4.47761194029851,5.29889465373336,7.81228679083873,3.98876404494382,7.25225225225225,3.84615384615385,0
Hungary,Northern Great Plain,HU32,7.41330702215562,6.79004329004329,1.82828818537859,9.86413043478261,0.167368978260868,5.77114427860697,5.05075569591699,7.74296743674175,3.42696629213483,6.12612612612612,3.07692307692308,0
Hungary,Southern Great Plain,HU33,8.57400258913707,8.214568040655,2.06470300261097,9.89130434782609,0.493480934782612,5.72139303482587,5.50191743740131,6.95379063479595,3.98876404494382,9.54954954954955,4.61538461538462,0
Ireland,Northern and Western,IE04,8.5076771281667,7.52108036890646,3.20434889033943,9.97282608695652,8.63954171562867,9.15422885572139,4.37175727498308,6.38897103387735,7.92134831460674,7.79279279279279,8.07692307692308,3
Ireland,Southern,IE05,8.59058395437966,6.84914361001317,3.66432767624021,9.89130434782609,8.34106933019976,8.1592039800995,4.54996616286939,6.46137912776646,7.92134831460674,8.37837837837838,7.69230769230769,3
Ireland,Eastern and Midland,IE06,9.00511808544447,7.37558817993601,4.10513218015666,9.7554347826087,8.34136310223266,8.35820895522388,4.00406045567336,7.74441644498104,6.23595505617978,7.65765765765766,8.07692307692308,3
Israel,Jerusalem district,IL01,6.63398285575378,5.28580839450405,1.14413348563969,9.83695652173913,9.2084312573443,0.348258706467663,4.78005865102639,5.03729302106811,0.01,9.00900900900901,9.23076923076923,0
Israel,Northern district,IL02,6.26919282041676,6.33267457180501,1.32567721932115,9.48369565217391,7.67273795534665,5.82089552238806,3.49424768779607,5.92024296852192,0.786516853932584,4.72972972972973,6.53846153846154,0
Israel,Central district,IL04,8.12630572758708,8.49181253529079,2.54324412532637,9.53804347826087,9.5927784130696,2.33830845771144,5.86284683058877,7.70463385804995,2.24719101123596,8.87387387387387,9.61538461538462,0
Israel,Tel Aviv district,IL05,8.60716531962226,8.23084886128365,2.9605907310705,9.67391304347826,9.22385428907168,2.38805970149254,4.87029099932326,7.82056146476721,2.30337078651685,9.32432432432432,9.61538461538462,0
Israel,Southern district,IL06,7.11484244778896,6.98635422548466,1.53781821148825,9.72826086956522,7.63542890716804,3.28358208955224,3.87773516805775,6.71007756418354,1.46067415730337,6.75675675675676,7.30769230769231,0
Italy,Piedmont,ITC1,4.92610223576679,6.15565593826463,4.04475359007833,9.83695652173913,8.30023501762632,3.681592039801,7.07647191518159,6.49855036520411,2.86516853932584,5.13513513513514,3.84615384615385,0
Italy,Aosta Valley,ITC2,4.56131220042976,6.44918125352908,3.86076207571802,10.01,8.15099882491187,7.2636815920398,6.4200315813219,5.43589652002314,2.30337078651685,4.86486486486486,7.30769230769231,0
Italy,Liguria,ITC3,5.72200776741121,5.61970638057595,3.96581266318538,9.86413043478261,8.46974148061104,7.06467661691542,6.35010151139183,6.81634359864032,3.42696629213483,7.47747747747747,5.76923076923077,3
Italy,Lombardy,ITC4,5.04217179246494,6.84312064746847,4.35745757180157,9.91847826086957,8.99148061104582,2.68656716417911,7.45093616061358,6.58420815312135,2.30337078651685,5.63063063063063,6.53846153846154,0
Italy,Abruzzo,ITF1,5.60593821071307,4.40127987954075,2.95569516971279,9.97282608695652,8.09723854289071,6.31840796019901,7.09226257613354,6.08792948622524,2.86516853932584,4.5045045045045,5.38461538461539,0
Italy,Molise,ITF2,4.74370721809827,3.06239412761152,2.68113577023499,10.01,6.89101057579318,7.51243781094527,6.27565982404692,5.58319896715248,2.86516853932584,10.0099,6.53846153846154,0
Italy,Campania,ITF3,3.13531478956683,0.0090028934624697,2.36822780678851,9.83695652173913,6.50440658049353,5.97014925373134,5.49740581998647,6.19688425172565,2.30337078651685,4.63963963963964,5.0,0
Italy,Apulia,ITF4,2.85343158044276,1.27771656608916,2.59566742819843,9.86413043478261,7.64982373678026,6.81592039800995,5.70042860365441,5.86911071046442,2.30337078651685,7.02702702702702,5.76923076923077,0
Italy,Basilicata,ITF5,4.77686994858346,3.94193487671749,2.57771703655352,9.89130434782609,7.86662749706228,8.05970149253731,6.158357771261,5.69339176039641,2.30337078651685,4.00900900900901,5.76923076923077,0
Italy,Calabria,ITF6,3.51668619014645,0.186806277056277,2.35415306788512,9.83695652173913,7.16862514688601,7.2636815920398,4.47326866681705,5.10113991023939,3.42696629213483,5.04504504504505,3.46153846153846,0
Italy,Sicily,ITG1,2.96950113714091,0.0099878345498783,2.47756201044386,9.83695652173913,6.74177438307873,7.61194029850746,4.27475750056395,5.84712093476834,2.86516853932584,6.21621621621621,5.0,0
Italy,Sardinia,ITG2,3.26796571150757,2.47637869377,2.77231560052219,9.86413043478261,8.46944770857814,8.35820895522388,4.8951048951049,6.09581702707082,3.98876404494382,7.07207207207207,3.46153846153846,0
Italy,Province of Bolzano-Bozen,ITH1,5.83807732410936,8.13165819687559,4.81356070496084,9.86413043478261,9.0593419506463,7.76119402985075,5.69140536882473,5.24465562568884,2.30337078651685,6.93693693693694,6.53846153846154,3
Italy,Province of Trento,ITH2,5.95414688080751,7.33098061358931,3.89135933420366,9.97282608695652,9.47297297297297,6.3681592039801,8.02165576359125,5.92919994682946,2.30337078651685,6.93693693693694,6.53846153846154,3
Italy,Veneto,ITH3,5.14165998392049,6.90071522680218,3.82934889033943,9.94565217391304,9.04582843713279,3.03482587064677,7.86826077148658,5.77246868003754,2.86516853932584,6.30630630630631,5.0,0
Italy,Friuli-Venezia Giulia,ITH4,5.98730961129269,7.04347826086957,4.06698759791123,9.97282608695652,7.93448883666274,6.21890547263682,7.06293706293706,5.85224430199449,3.98876404494382,8.42342342342342,4.61538461538462,3
Italy,Emilia-Romagna,ITH5,5.67226367168344,7.27489177489178,4.28973563968668,9.94565217391304,8.65305522914219,4.82587064676617,7.77351680577487,6.65984294210963,3.42696629213483,7.65765765765766,6.53846153846154,3
Italy,Tuscany,ITI1,5.1084972534353,6.18821757952193,3.75877121409922,9.91847826086957,8.85634547591069,6.3681592039801,7.59305210918114,5.89119586197731,3.42696629213483,5.0,5.0,3
Italy,Umbria,ITI2,6.10337916799083,6.27460944852249,3.51623694516971,10.0,8.83607520564042,6.66666666666667,7.76449357094519,5.91726127215294,2.86516853932584,7.52252252252252,8.46153846153846,3
Italy,Marche,ITI3,5.22456681013345,6.07651044607566,3.58844647519582,9.86413043478261,8.70064629847238,6.56716417910448,7.55244755244755,5.30683029384643,2.86516853932584,7.20720720720721,7.69230769230769,3
Italy,Lazio,ITI4,6.10337916799083,4.53002070393375,3.68880548302872,9.89130434782609,8.49676850763807,5.4228855721393,6.51477554703361,6.60031400283835,2.30337078651685,6.48648648648649,5.76923076923077,0
Korea,Seoul Capital Area,KR01,10.0098946025991,7.34123847167325,3.70838772845953,9.70108695652174,10.0049499631638,0.00736,4.87705842544552,9.51698953355126,3.59550561797753,2.88288288288289,3.84615384615385,0
Korea,Gyeongnam,KR02,9.64151088345516,6.99661208356861,3.38364882506527,9.59239130434783,9.01057579318449,0.746268656716418,5.46356868937514,8.70878741805212,4.21348314606742,0.540540540540542,2.30769230769231,0
Korea,Gyeongbuk,KR03,9.49675556488733,7.22802559759081,3.25310052219321,9.7554347826087,9.0713866039953,0.00746,5.16354613128807,8.79228827575563,4.38202247191011,0.675675675675676,2.69230769230769,0
Korea,Jeolla,KR04,9.5227883083182,7.65603237342368,3.36977806788512,9.7554347826087,9.24118683901293,0.0074,5.2086623054365,8.857981889187,4.43820224719101,0.630630630630633,3.46153846153846,0
Korea,Chungcheong,KR05,9.62492951821256,7.8734236777715,3.36141481723238,9.7554347826087,9.4647473560517,0.00739,3.33634107827656,9.08815560545642,4.26966292134831,1.26126126126126,3.46153846153846,0
Korea,Gangwon,KR06,9.31054683321302,7.47346132128741,3.32673792428198,9.7554347826087,9.13924794359577,0.00727,5.00563952176855,9.03672626184612,4.66292134831461,2.88288288288289,3.07692307692308,0
Korea,Jeju,KR07,9.94909520870524,8.21729719555806,3.26880711488251,9.53804347826087,9.95088642213642,2.23880597014925,4.30633882246785,8.58250878190144,4.10112359550562,5.09009009009009,4.61538461538462,0
Latvia,Kurzeme,LV003,8.57400258913707,5.73442499529456,1.62573433420366,9.45652173913044,0.276094130434783,7.36318407960199,2.76562147529889,5.7646644981299,1.74157303370787,6.71171171171171,3.07692307692308,0
Latvia,Latgale,LV005,9.12118764214261,5.6420101637493,1.1702431462141,9.15760869565217,0.0091851129476584,7.11442786069652,0.0099769585253456,5.36544247812463,1.74157303370787,6.62162162162162,3.84615384615385,0
Latvia,Riga,LV006,10.0098948475289,7.55091285526068,2.63707571801567,8.96739130434783,1.26086956521739,3.93034825870647,2.19264606361381,8.02062248560022,1.17977528089888,5.94594594594595,4.61538461538462,0
Latvia,Pieriga,LV007,9.27041992932594,7.54564276303407,2.21728133159269,9.10326086956522,1.87044653349001,7.11442786069652,4.67177983307015,5.7532041073846,1.74157303370787,7.25225225225225,4.61538461538462,0
Latvia,Vidzeme,LV008,8.87246716350373,5.96659137963486,1.44276272845953,9.59239130434783,0.384783282608697,8.1592039800995,3.8732235506429,5.03088667906079,1.74157303370787,8.24324324324324,3.84615384615385,0
Latvia,Zemgale,LV009,8.65690941535003,6.4086203651421,1.7919794386423,9.18478260869565,0.0093057795698924,7.51243781094527,2.50845928265283,5.2455400041944,2.30337078651685,7.97297297297297,3.46153846153846,0
Lithuania,Alytus county,LT021,10.0098978413885,6.4472049689441,2.74742983028721,8.61413043478261,0.0093422696190604,7.51243781094527,0.527859237536656,5.63727859669841,4.26966292134831,5.4054054054054,3.84615384615385,0
Lithuania,Kaunas county,LT022,10.0098959904311,7.57820440429136,3.13397519582245,9.34782608695652,1.40437720329025,7.66169154228856,1.0331603879991,6.84729954451691,4.15730337078652,4.95495495495495,5.0,0
Lithuania,Klaipeda county,LT023,10.009895240789,7.414172783738,3.10072617493473,9.78260869565217,1.21533490011751,8.00995024875622,0.0293255131964799,6.19147521127329,3.59550561797753,6.12612612612612,5.76923076923077,0
Lithuania,Marijampole county,LT024,9.25615995521731,5.48447204968944,2.13283289817232,9.6195652173913,0.189121608695654,7.96019900497512,0.193999548838258,4.86905400683541,5.1123595505618,4.45945945945946,6.53846153846154,0
Lithuania,Panevežys county,LT025,9.47785280851077,5.63852813852814,2.2032065926893,9.51086956521739,0.390128403848113,8.05970149253731,0.683510038348748,6.08036269186017,4.38202247191011,5.58558558558559,4.61538461538462,0
Lithuania,Šiauliai county,LT026,9.52328574927548,7.0081874647092,2.6480907310705,9.29347826086956,0.410399529964743,8.1592039800995,0.286487705842544,5.48312653243424,3.08988764044944,6.57657657657657,5.38461538461539,0
Lithuania,Taurage county,LT027,8.91939242714027,5.81432335780162,2.57669712793734,8.83152173913044,0.156515413043479,8.40796019900498,0.0099771637360127,4.71806363962469,5.0,6.12612612612612,6.15384615384615,0
Lithuania,Telšiai county,LT028,9.51516088030661,6.32721626199887,2.50061194516971,9.40217391304348,0.849588719153936,8.65671641791045,0.0099765423410743,5.77045477550765,3.48314606741573,4.23423423423424,4.23076923076923,0
Lithuania,Utena county,LT029,9.22482117490881,4.11180124223602,2.22523661879896,9.59239130434783,0.009303200979059,8.30845771144279,0.306789984209339,5.23348037787113,5.95505617977528,4.23423423423424,5.76923076923077,0
Luxembourg,Luxembourg,LU00,7.59570203982413,7.5055524185959,6.34362761096606,9.94565217391304,8.16451233842538,8.1592039800995,10.0098885172798,8.63093275686563,6.19662921348315,6.8018018018018,8.46153846153846,3
Mexico,Aguascalientes,ME01,1.70044312156544,5.94297007340486,0.176240208877285,8.42391304347826,3.01792009400705,5.62189054726368,1.5136476426799,4.15570012591615,1.29213483146067,1.08108108108108,3.07692307692308,2
Mexico,Baja California,ME02,1.62942800944015,6.78571428571429,0.437540796344648,0.00224,2.43037602820211,4.32835820895523,0.0099740057187418,4.92286380963683,1.23595505617978,5.22522522522522,7.69230769230769,2
Mexico,Baja California Sur,ME03,2.20360354553297,7.14238659890834,0.338201697127937,7.63586956521739,2.95035252643948,7.06467661691542,1.35799684186781,4.54286299337458,0.50561797752809,0.180180180180183,3.07692307692308,2
Mexico,Campeche,ME04,1.30907162396825,6.83681535855449,0.0099997171945701,8.09782608695652,2.41333725029378,4.72636815920398,4.43266411008346,3.62914377689426,0.01,6.21621621621621,5.0,2
Mexico,Coahuila,ME05,1.41377118762913,5.93497082627517,0.211325065274151,8.04347826086957,2.6186839012926,5.77114427860697,3.15813219039025,4.21958579214383,1.68539325842697,0.0099863387978142,6.53846153846154,2
Mexico,Colima,ME06,1.75807395298515,7.83135704874835,0.270275783289817,0.00147,2.23971797884841,6.3681592039801,2.18813444619896,4.06271712892309,0.842696629213483,2.65765765765766,6.15384615384615,2
Mexico,Chiapas,ME07,0.009964632576915,5.79568981742895,0.0099995164410058,7.39130434782609,1.48472300929962,3.53233830845771,3.95217685540266,1.18407786329445,0.0086666666666666,0.009985632183908,3.07692307692308,2
Mexico,Chihuahua,ME08,1.24880481975319,7.35375494071146,0.270275783289817,0.00077,1.8813160987074,5.92039800995025,0.658696142567109,4.20951059468663,1.96629213483146,1.48648648648649,6.92307692307692,2
Mexico,City of Mexico,ME09,4.41411864682151,3.76435159043855,0.299853133159269,6.08695652173913,3.17538190364277,3.88059701492537,1.90390254906384,5.29334589575252,1.96629213483146,4.05405405405405,7.69230769230769,2
Mexico,Durango,ME10,0.60728694393631,6.50799924712968,0.0165225195822454,7.85326086956522,2.92126909518214,5.97014925373134,0.0099767765908035,3.43695361010446,1.17977528089888,3.87387387387387,5.38461538461539,2
Mexico,Guanajuato,ME11,0.0099697449187199,5.41153773762469,0.01,0.00176,1.98913043478261,5.37313432835821,0.0902323482968641,3.36825579826712,0.50561797752809,1.26126126126126,3.46153846153846,2
Mexico,Guerrero,ME12,0.01,7.25158404503106,0.0099995957962813,0.00588,2.5387769810627,5.97014925373134,3.1626438078051,2.53339911856515,0.0087012987012987,2.16216216216216,3.84615384615385,2
Mexico,Hidalgo,ME13,0.469954716241778,6.24225776397515,0.0099996820349761,6.82065217391304,2.77908343125734,4.5273631840796,0.660951951274532,2.93226112691202,1.06741573033708,4.23423423423424,3.46153846153846,2
Mexico,Jalisco,ME14,1.50404070709249,6.93299454169019,0.137891644908616,2.98913043478261,2.40863689776733,6.06965174129353,1.0128581096323,4.37143812304207,0.955056179775281,2.47747747747748,5.38461538461539,2
Mexico,Mexico,ME15,1.59059237771321,5.18464144551101,0.0024477806788511,5.13586956521739,2.85458284371328,3.88059701492537,2.36634333408527,4.42248308791129,0.898876404494382,4.05405405405405,5.38461538461539,2
Mexico,Michoacan,ME16,0.0099687028918666,6.61493064182195,0.0099997123957434,0.005,2.52849588719154,5.92039800995025,1.32641551996391,2.75208412126447,0.50561797752809,0.0099861495844875,4.23076923076923,2
Mexico,Morelos,ME17,1.49878303805727,6.72435535479014,0.0099997015816174,0.005,2.19858989424207,5.12437810945274,2.11820437626889,4.05769275488667,0.842696629213483,2.56756756756757,4.61538461538462,2
Mexico,Nayarit,ME18,1.30921425687207,9.48983625070582,0.137075718015666,6.03260869565217,2.78642773207991,6.76616915422886,2.1813670200767,3.64813625321654,1.01123595505618,4.41441441441441,6.53846153846154,2
Mexico,Nuevo Leon,ME19,1.59525807376976,5.91793713532844,0.392460835509138,5.70652173913044,3.17332549941246,5.4726368159204,1.66253101736973,4.84649365134864,1.57303370786517,3.06306306306306,6.53846153846154,2
Mexico,Oaxaca,ME20,0.0099670969929113,7.32922195834856,0.0099996374184191,4.375,2.02526354079517,5.22388059701493,2.88969095420708,1.9309055393045,0.0088636363636363,5.45045045045045,2.69230769230769,2
Mexico,Puebla,ME21,0.534702899715493,6.16111424807077,0.0099996374184191,6.05978260869565,1.70417156286721,4.67661691542289,2.80171441461764,3.07556009728615,0.449438202247191,0.225225225225225,3.07692307692308,2
Mexico,Queretaro,ME22,2.3091701404917,4.01628082062865,0.193782637075718,7.44565217391304,2.46327849588719,4.87562189054726,1.87683284457478,4.24857995707299,1.12359550561798,2.92792792792793,5.0,2
Mexico,Quintana Roo,ME23,2.13472190295494,4.64041031432336,0.0226419712793734,0.923913043478261,2.30728554641598,5.62189054726368,0.14211594856756,4.29511857203428,0.0088505747126436,2.38738738738739,1.92307692307692,2
Mexico,San Luis Potosi,ME24,0.668901355499912,6.57284020327499,0.0075473237597911,2.39130434782609,2.45417156286721,5.12437810945274,3.42206180915858,3.62156918718346,1.06741573033708,1.26126126126126,2.30769230769231,2
Mexico,Sinaloa,ME25,2.32609305864438,6.44485224920007,0.160125652741514,2.30978260869565,3.036133960047,6.56716417910448,1.19557861493345,4.13388523980713,0.786516853932584,2.88288288288289,5.0,2
Mexico,Sonora,ME26,2.00747282999462,6.5720873329569,0.263544386422977,0.00469,2.43537015276146,5.92039800995025,0.01,4.53723109963858,1.34831460674157,7.56756756756756,7.30769230769231,2
Mexico,Tabasco,ME27,1.45087586742448,4.51468097120271,0.0099996969696969,3.45108695652174,2.09665099882491,3.83084577114428,2.17459959395443,2.93983674952835,0.112359550561798,2.52252252252252,5.0,2
Mexico,Tamaulipas,ME28,1.72051949702505,7.05420666290232,0.0930156657963447,4.02173913043478,2.87426556991775,5.4228855721393,2.00090232348297,4.09327175292417,1.17977528089888,3.96396396396396,5.38461538461539,2
Mexico,Tlaxcala,ME29,1.00797274157532,5.71983813288161,0.0099996282527881,6.92934782608696,2.71886016451234,4.42786069651741,5.11391833972479,3.37351155249436,0.561797752808989,2.56756756756757,2.30769230769231,2
Mexico,Veracruz,ME30,0.546068455579424,5.79070205157162,0.009999649491763,6.16847826086957,1.94653349001175,4.67661691542289,3.74013083690503,2.99315344807464,0.730337078651686,1.66666666666667,2.30769230769231,2
Mexico,Yucatan,ME31,1.18397071164479,7.32994541690194,0.0099997164729231,9.18478260869565,2.0954759106933,5.4726368159204,4.51387322355064,4.06327948554715,0.337078651685393,3.87387387387387,6.15384615384615,2
Mexico,Zacatecas,ME32,0.0099688193012077,6.5781102955016,0.0099996928746928,0.00244,2.62367802585194,6.01990049751244,3.03631852018949,3.054080462153,1.17977528089888,2.79279279279279,5.0,2
Netherlands,Groningen,NL11,7.61228340506673,8.62507058159232,3.4711569843342,9.78260869565217,6.67479435957696,7.66169154228856,8.45702684412362,8.03085710881979,7.35955056179775,7.56756756756756,9.23076923076923,3
Netherlands,Friesland,NL12,7.2474933697297,9.31780538302278,3.53867493472585,9.89130434782609,7.46092831962397,7.81094527363184,8.72772388901421,7.94698395962293,7.35955056179775,5.76576576576576,9.61538461538462,3
Netherlands,Drenthe,NL13,7.62886477030932,9.60455486542443,3.61312826370757,9.91847826086957,7.18977673325499,7.71144278606965,8.70516580194,8.17052950739873,7.35955056179775,10.0,10.0087012987013,3
Netherlands,Overijssel,NL21,7.49621384836858,9.58069561788893,3.52969973890339,9.83695652173913,7.01968272620447,7.36318407960199,8.95330475975637,8.25599750993868,6.79775280898876,6.93693693693694,9.23076923076923,3
Netherlands,Gelderland,NL22,7.71177159652228,9.5503924336533,3.7147111618799,9.86413043478261,7.2027027027027,6.86567164179104,8.90818858560794,8.23539007641272,6.79775280898876,9.18918918918919,9.23076923076923,3
Netherlands,Flevoland,NL23,7.19774927400192,9.22463768115942,3.61129242819843,9.6195652173913,7.22385428907168,7.36318407960199,8.09609745093616,8.88154235201919,6.79775280898876,7.79279279279279,9.23076923076923,3
Netherlands,Utrecht,NL31,8.27553801477041,9.52009046509047,4.17754569190601,9.83695652173913,7.6430669800235,6.81592039800995,9.24655989172118,8.4828767923526,6.23595505617978,8.91891891891892,9.61538461538462,3
Netherlands,North Holland,NL32,7.84442251846301,9.36363636363636,4.10064458224543,9.70108695652174,7.4400705052879,7.01492537313433,8.59237536656892,8.5207061081808,6.23595505617978,8.55855855855856,9.23076923076923,3
Netherlands,South Holland,NL33,7.47963248312599,8.97995482778092,3.74265665796345,9.70108695652174,7.17538190364277,6.91542288557214,8.20888788630724,8.28525830887738,6.23595505617978,8.10810810810811,9.23076923076923,3
Netherlands,Zeeland,NL34,7.33040019594266,9.61100007337295,3.63189458224543,9.80978260869565,7.64482961222092,6.96517412935324,8.45702684412362,7.98673029263202,6.23595505617978,7.97297297297297,9.61538461538462,3
Netherlands,North Brabant,NL41,7.59570203982413,9.76251529808362,3.83200065274151,9.80978260869565,7.14776733254994,6.96517412935324,8.45702684412362,8.42327696467041,7.92134831460674,8.42342342342342,9.23076923076923,3
Netherlands,Limburg,NL42,7.46305111788339,9.21936758893281,3.62883485639687,9.80978260869565,6.71474735605171,7.31343283582089,7.78028423189714,7.97413318149422,7.92134831460674,8.33333333333333,8.84615384615385,3
New Zealand,Northland,NZ11,6.40184374235749,7.72068511198946,2.53284105744125,9.70108695652174,6.19300822561692,9.70149253731343,7.66523798781864,4.25058059560343,7.92134831460674,8.69369369369369,7.69230769230769,3
New Zealand,Auckland,NZ12,8.22579391904264,8.43045360436665,3.8617819843342,9.67391304347826,8.82814336075206,9.30348258706468,7.22535528987142,7.36114801548139,6.23595505617978,8.6036036036036,8.07692307692308,3
New Zealand,Waikato,NZ13,7.47963248312599,8.70845096932053,3.25065274151436,9.78260869565217,7.74324324324324,9.60199004975124,7.91337694563501,5.801577146658,7.92134831460674,9.36936936936937,8.46153846153846,3
New Zealand,Bay of Plenty,NZ14,7.77809705749265,8.78985507246377,3.20863250652742,9.83695652173913,7.58725029377203,9.35323383084577,7.90435371080532,5.46812250103443,7.92134831460674,9.54954954954955,8.84615384615385,3
New Zealand,Gisborne,NZ15,6.45158783808527,8.42094861660079,3.01546181462141,9.45652173913044,3.26909518213866,9.20398009950249,8.46379427024588,5.1394264898494,7.35955056179775,10.0099,8.46153846153846,3
New Zealand,Taranaki,NZ17,7.33040019594266,9.2776673206889,3.15682114882507,9.78260869565217,6.88425381903642,9.20398009950249,7.24565756823821,5.37917582301138,8.48314606741573,6.93693693693694,9.61538461538462,3
New Zealand,Manawatu-Wanganui,NZ18,7.21433063924451,8.61980048936571,3.05115861618799,10.01,5.90246768507638,9.55223880597015,8.36905030453418,5.12829531261549,8.48314606741573,8.64864864864865,9.23076923076923,3
New Zealand,Wellington,NZ19,8.57400258913707,9.48334274421231,4.28585998694517,9.86413043478261,8.01498237367803,9.80099502487562,9.01646740356418,7.68687704262283,7.35955056179775,9.05405405405405,8.84615384615385,3
New Zealand,Tasman-Nelson-Marlborough,NZ21,7.06509835206118,9.73221137757947,3.02892460835509,10.01,7.60428907168038,8.95522388059701,8.78411910669975,5.61960425565155,7.92134831460674,8.78378378378378,10.0,3
New Zealand,Canterbury,NZ23,7.4464697526408,8.98569546395633,3.40567885117493,9.78260869565217,8.15687426556992,8.50746268656716,8.46605007895331,6.62846712140699,7.92134831460674,9.05405405405405,9.23076923076923,3
New Zealand,Otago,NZ24,7.86100388370561,9.2970073404856,3.19720953002611,9.64673913043478,8.19888366627497,8.90547263681592,8.7367471238439,6.00784835264302,6.79775280898876,9.45945945945946,10.0,3
New Zealand,Southland,NZ25,5.45670592352974,9.67160432252702,2.6323841383812,10.01,6.41069330199765,8.85572139303483,8.18632979923302,5.93790413652312,7.92134831460674,9.0990990990991,10.0,3
Norway,Innlandet,NO02,7.56253930933895,8.86071899115377,3.97234007832898,10.01,7.87367802585193,9.65174129353234,7.1712158808933,7.45407357278791,7.92134831460674,8.10810810810811,8.84615384615385,3
Norway,Trøndelag,NO06,8.32528211049819,9.17052512704687,4.13368962140992,9.86413043478261,8.95799059929495,9.9502487562189,7.71260997067449,8.62860710390251,7.35955056179775,9.90990990990991,9.61538461538462,3
Norway,Northern Norway,NO07,7.41330702215562,8.93986448334275,4.13634138381201,10.01,8.09694477085781,10.0000243902439,6.83284457478006,8.81595389214446,7.35955056179775,8.33333333333333,9.61538461538462,3
Norway,Oslo and Viken,NO08,7.97707344040375,8.59326181065311,4.47229928198433,9.72826086956522,8.80904817861339,8.90547263681592,7.55470336115497,8.92382071372982,6.96629213483146,8.87387387387387,10.0,3
Norway,Agder and Sør-Østlandet,NO09,7.64544613555191,8.38612836438924,4.00620104438642,10.0,8.49676850763807,9.35323383084577,7.26144822919016,8.34982579114257,8.82022471910112,8.6036036036036,9.61538461538462,3
Norway,Western Norway,NO0A,8.27553801477041,9.11067193675889,4.27096932114882,9.97282608695652,9.10047003525264,9.9502487562189,7.870516580194,8.41588662804464,8.31460674157304,9.72972972972973,9.61538461538462,3
Poland,Lesser Poland,PL21,9.73469815611853,7.95633352155091,2.6882751305483,9.7554347826087,3.18478260869565,0.497512437810945,4.50484998872096,7.55833368364652,1.17977528089888,7.02702702702702,4.23076923076923,0
Poland,Silesia,PL22,10.0098949579832,8.09382646339168,3.20944843342037,9.59239130434783,1.47767332549941,0.149253731343284,4.15971125648545,7.80946348488844,1.74157303370787,4.68468468468469,3.84615384615385,0
Poland,Greater Poland,PL41,9.98341863475741,9.05281775832863,2.85084856396867,9.67391304347826,1.89806110458284,3.88059701492537,4.31761786600496,7.8145001173242,1.17977528089888,5.13513513513514,5.0,0
Poland,West Pomerania,PL42,9.46939631223705,7.81884057971014,2.75518113577023,9.18478260869565,1.53202115158637,6.71641791044776,3.17166704263478,7.96691802629271,1.74157303370787,7.07207207207207,4.61538461538462,0
Poland,Lubusz,PL43,9.76786088660371,8.19878157349897,2.42819843342037,9.64673913043478,0.956521739130433,5.52238805970149,3.02052785923754,7.08277032591689,1.74157303370787,3.96396396396396,5.0,0
Poland,Lower Silesia,PL51,9.83418634757408,8.16421983813288,2.99771540469974,9.70108695652174,1.70094007050529,4.07960199004975,3.85968869839838,7.67478460279084,1.74157303370787,8.42342342342342,4.61538461538462,0
Poland,Opole region,PL52,9.93367453902963,8.71343873517787,2.5764931462141,9.64673913043478,2.33049353701527,3.08457711442786,2.05278592375366,6.36444017909988,2.30337078651685,2.34234234234234,2.69230769230769,0
Poland,Kuyavian-Pomerania,PL61,9.53572177320742,7.71692076039902,2.45940763707572,9.83695652173913,1.43096357226792,5.22388059701493,3.22355064290548,7.45873521226336,1.17977528089888,5.22522522522522,3.46153846153846,0
Poland,Warmian-Masuria,PL62,8.55742122389448,7.67833615659703,2.37067558746736,9.59239130434783,1.18713278495887,6.11940298507463,2.21069253327318,7.14519943139592,1.17977528089888,0.0099864864864864,5.38461538461539,0
Poland,Pomerania,PL63,9.7844422518463,8.74225685817805,2.74681788511749,9.53804347826087,2.63631022326675,6.31840796019901,4.43266411008346,7.94266924892482,1.17977528089888,6.84684684684685,4.23076923076923,0
Poland,Lodzkie,PL71,9.27041992932594,7.98089591567853,2.8824657310705,9.56521739130435,0.745593419506461,2.43781094527363,4.44394315362057,7.18666529805842,1.74157303370787,2.11711711711712,3.07692307692308,0
Poland,Swietokrzyskie,PL72,9.80102361708889,7.57792207792208,2.36557604438642,9.67391304347826,1.51145710928319,3.13432835820896,3.13331829460862,6.63205080392351,1.17977528089888,6.21621621621621,4.61538461538462,0
Poland,Lublin Province,PL81,9.53572177320742,7.30368906455863,2.33355091383812,9.72826086956522,1.58019976498237,4.02985074626866,3.20099255583127,6.9206152707594,1.74157303370787,6.30630630630631,5.0,0
Poland,Podkarpacia,PL82,9.76786088660371,6.63297571993224,2.14343994778068,9.72826086956522,2.77232667450059,3.08457711442786,3.3295736521543,6.35218864774349,1.17977528089888,6.53153153153153,3.07692307692308,0
Poland,Podlaskie,PL84,9.41965221650927,8.32825145868624,2.26542101827676,9.70108695652174,2.10898942420681,5.4228855721393,2.96864425896684,6.5381993906444,1.74157303370787,8.28828828828829,5.38461538461539,0
Poland,Warsaw capital region,PL91,10.0098962655602,9.82921635610766,4.09860476501305,9.64673913043478,3.42244418331375,3.98009950248756,6.84863523573201,9.26815886803243,1.74157303370787,7.34234234234234,5.38461538461539,0
Poland,Mazowiecki region,PL92,9.5688845036926,7.91426689252776,2.74742983028721,9.70108695652174,0.439782608695651,4.02985074626866,3.52357320099256,6.69672688310792,1.17977528089888,7.34234234234234,5.38461538461539,0
Portugal,North,PT11,3.25138434626498,7.1441746659138,2.50203981723238,9.86413043478261,7.54700352526439,8.35820895522388,2.86262124971802,7.24804351155791,3.98876404494382,5.99099099099099,3.46153846153846,0
Portugal,Algarve,PT15,4.37891718276124,6.67635987201205,3.74796018276762,9.64673913043478,5.96298472385429,8.2089552238806,0.455673358899164,5.75915491358855,3.98876404494382,4.72972972972973,4.23076923076923,0
Portugal,Central Portugal,PT16,3.616174381602,7.44871070958028,2.73682278067885,9.83695652173913,7.11515863689777,8.40796019900498,2.19490187232123,6.35960212121693,5.67415730337079,5.76576576576576,2.69230769230769,0
Portugal,Metropolitan area of Lisbon,PT17,6.25261145517416,7.23884810841333,3.54581429503916,9.78260869565217,7.13513513513514,7.91044776119403,2.84457478005865,8.29245195845338,3.42696629213483,6.3963963963964,4.23076923076923,0
Portugal,Alentejo,PT18,3.74882530354274,7.26839826839827,2.81963936031332,9.83695652173913,5.81404230317274,8.80597014925373,2.07985562824272,5.81226731526795,5.1123595505618,5.45045045045045,3.84615384615385,0
Portugal,Azores (autonomous region),PT20,0.880249116574291,6.02992659514399,2.86063968668407,10.01,4.09782608695652,9.70149253731343,0.009972602739726,7.49654070068147,3.98876404494382,8.46846846846847,3.84615384615385,0
Portugal,Madeira (autonomous region),PT30,2.70419929325943,5.89695087521175,2.77782310704961,9.70108695652174,4.61486486486486,10.0000208333333,1.47304308594631,6.67896389545391,4.55056179775281,4.68468468468469,4.23076923076923,0
Slovak Republic,Bratislava,SK01,10.0098971193416,9.73677771503858,4.56980254569191,9.53804347826087,3.3572267920094,5.77114427860697,6.59598466050079,7.76916217472583,1.17977528089888,7.61261261261261,6.15384615384615,0
Slovak Republic,West Slovakia,SK02,10.0,8.18426501035197,2.57282147519582,9.72826086956522,1.41804347826087,5.27363184079602,5.08910444394315,5.8902148621982,1.74157303370787,7.11711711711711,5.0,0
Slovak Republic,Central Slovakia,SK03,9.7844422518463,6.69988706945229,2.59444353785901,9.80978260869565,1.2543525,4.17910447761194,5.15452289645838,5.79916176015038,1.74157303370787,7.88288288288288,5.0,0
Slovak Republic,East Slovakia,SK04,9.17093173787039,4.76896292113683,2.22707245430809,9.80978260869565,1.14565634782608,4.42786069651741,3.84389803744642,6.03267228127456,1.17977528089888,8.06306306306306,5.0,0
Slovenia,Eastern Slovenia,SI03,9.17093173787039,7.64379823075475,3.02198922976501,9.94565217391304,5.10252643948296,5.07462686567164,1.57906609519513,5.96989629625198,3.98876404494382,8.78378378378378,5.38461538461539,0
Slovenia,Western Slovenia,SI04,9.70153542563334,8.32251082251082,3.15926892950392,9.91847826086957,7.54171562867215,5.62189054726368,2.47236634333409,6.70406023146857,3.98876404494382,8.55855855855856,6.15384615384615,0
Spain,Galicia,ES11,4.87635814003901,4.61970638057595,3.15253753263708,9.83695652173913,9.33108108108108,8.55721393034826,5.1454996616287,8.43992754204309,7.35955056179775,8.1981981981982,4.23076923076923,3
Spain,Asturias,ES12,5.77175186313899,3.9587803500847,3.50460998694517,10.0,8.04289071680376,7.41293532338309,4.88833746898263,8.2906255141454,6.79775280898876,9.05405405405405,1.15384615384615,3
Spain,Cantabria,ES13,5.65568230644084,4.74242424242424,3.38732049608355,9.83695652173913,9.16069330199765,7.91044776119403,6.09519512745319,8.65503402523395,6.79775280898876,4.05405405405405,6.53846153846154,3
Spain,Basque Country,ES21,7.031935621576,5.6931112365895,4.59978785900783,9.89130434782609,9.29641598119859,8.50746268656716,5.66207985562824,9.56057476296234,6.23595505617978,7.79279279279279,5.76923076923077,3
Spain,Navarra,ES22,6.1697046289612,5.40335027291549,4.04638544386423,9.94565217391304,9.46533490011751,8.65671641791045,5.72975411685089,9.26662958260632,6.79775280898876,9.05405405405405,6.15384615384615,3
Spain,La Rioja,ES23,4.9095208705242,5.3184641445511,3.5378590078329,9.78260869565217,8.49647473560517,8.35820895522388,6.19445071057974,9.01381867921719,6.79775280898876,10.0098975409836,6.15384615384615,3
Spain,Aragon,ES24,5.80491459362417,5.78853754940711,3.66065600522193,9.91847826086957,8.17156286721504,8.25870646766169,6.24633431085044,8.92613227874493,6.23595505617978,8.15315315315315,6.53846153846154,3
Spain,Madrid,ES30,6.66714558623897,5.48851872764916,4.42130385117494,9.89130434782609,9.09723854289071,7.76119402985075,6.93210015790661,9.88818537126887,5.67415730337079,7.47747747747747,5.76923076923077,3
Spain,Castile and León,ES41,4.9095208705242,4.91323169584039,3.39588772845953,9.89130434782609,8.66509988249119,8.35820895522388,6.21475298894654,8.93512846597219,7.92134831460674,7.47747747747747,5.76923076923077,3
Spain,Castile-La Mancha,ES42,3.26796571150757,3.15913796348579,2.73559889033943,9.89130434782609,7.64101057579318,7.91044776119403,6.21700879765396,9.13030260101978,6.79775280898876,3.82882882882883,4.23076923076923,3
Spain,Extremadura,ES43,2.62129246704647,1.43258642857143,2.49816416449086,9.91847826086957,7.76468860164512,9.05472636815921,5.7094518384841,8.67976935018194,7.35955056179775,8.78378378378378,2.69230769230769,3
Spain,Catalonia,ES51,5.17482271440567,5.31771127423301,3.91685704960836,9.83695652173913,8.41480611045828,6.71641791044776,6.39747349424769,9.46591701165512,5.67415730337079,8.37837837837838,6.15384615384615,3
Spain,Valencia,ES52,4.57789356567235,2.9905891210239,2.95120757180157,9.83695652173913,8.24676850763807,7.81094527363184,6.30047371982856,8.27442923285478,6.23595505617978,8.78378378378378,6.92307692307692,3
Spain,Balearic Islands,ES53,5.00900906197975,3.85187276491624,3.48482375979112,9.89130434782609,9.37656202686596,8.85572139303483,3.3611549740582,8.33086396881903,5.1123595505618,10.0098974358974,6.92307692307692,3
Spain,Andalusia,ES61,3.43377936393349,1.09086152173913,2.53875652741514,9.86413043478261,7.3927732079906,6.81592039800995,5.51319648093842,8.29287387454399,5.67415730337079,7.34234234234234,5.0,0
Spain,Murcia,ES62,3.50010482490386,3.56860530773574,2.67012075718016,9.78260869565217,8.13807285546416,7.01492537313433,5.90570719602978,8.22945441859531,5.67415730337079,8.55855855855856,6.53846153846154,3
Spain,Canary Islands,ES70,4.59447493091494,0.9510299689441,2.66808093994778,9.83695652173913,9.02614571092832,8.70646766169154,3.75592149785698,7.46340366085876,3.98876404494382,6.62162162162162,5.38461538461539,0
Sweden,Stockholm,SE11,9.18751310311298,7.91784302653868,4.53002610966057,9.56521739130435,9.55899438818293,9.80099502487562,9.72479133769456,9.06456875594635,3.42696629213483,8.51351351351352,9.23076923076923,3
Sweden,East Middle Sweden,SE12,8.55742122389448,6.62629399585921,3.63495430809399,9.80978260869565,8.86251468860165,9.85074626865672,9.9165350778254,7.94687015135459,4.55056179775281,8.15315315315315,8.84615384615385,3
Sweden,Småland with Islands,SE21,8.47451439768152,7.75804630152456,3.53704308093995,9.91847826086957,9.30317273795535,9.75124378109453,10.0098865827379,7.15068283101989,5.67415730337079,8.42342342342342,9.61538461538462,3
Sweden,South Sweden,SE22,8.42477030195374,6.03124411820064,3.72185052219321,9.70108695652174,8.86222091656874,8.80597014925373,9.56011730205278,8.06631112021301,5.1123595505618,7.79279279279279,9.23076923076923,3
Sweden,West Sweden,SE23,8.83930443301855,7.54667795972144,3.848727154047,9.80978260869565,9.05199764982374,9.50248756218905,9.79697721633205,8.04391166012368,5.1123595505618,7.52252252252252,9.23076923076923,3
Sweden,North Middle Sweden,SE31,8.3087007452556,6.57895727460945,3.56539654046997,9.78260869565217,8.3813160987074,9.9502487562189,9.75411685089104,7.34481091550605,5.67415730337079,8.51351351351352,8.84615384615385,3
Sweden,Central Norrland,SE32,9.32016402505372,8.50912855260681,3.61231233681462,9.67391304347826,8.02232667450058,10.000023255814,9.86013986013986,7.11704745353683,6.23595505617978,6.71171171171171,9.23076923076923,3
Sweden,Upper Norrland,SE33,9.46939631223705,8.02550348202522,3.66045202349869,9.51086956521739,8.17126909518214,10.000023255814,9.83081434694338,7.03004857504733,5.67415730337079,6.48648648648649,9.23076923076923,3
Switzerland,Lake Geneva Region,CH01,7.99365480564635,7.10587238848109,10.0099998335414,9.83695652173913,9.28789659224442,7.86069651741293,0.243627340401534,9.59952401787085,4.55056179775281,8.6036036036036,9.61538461538462,1
Switzerland,Espace Mittelland,CH02,8.80614170253336,9.36857493857494,10.0099998140123,9.94565217391304,8.85575793184489,8.35820895522388,0.40830137604331,9.30666623446372,5.67415730337079,7.79279279279279,9.23076923076923,1
Switzerland,Northwestern Switzerland,CH03,8.92221125923151,9.24242424242424,10.00999983014,9.86413043478261,9.39130434782609,7.71144278606965,0.342882923528084,9.44332395875103,5.1123595505618,8.33333333333333,9.23076923076923,1
Switzerland,Zurich,CH04,9.22067583359817,9.27766584766585,10.009999848785,9.94565217391304,9.41186839012925,7.76119402985075,0.320324836453868,10.0016507888768,5.1123595505618,8.64864864864865,10.0,1
Switzerland,Eastern Switzerland,CH05,8.95537398971669,9.45948462729485,10.0099998246844,9.80978260869565,8.63895417156287,8.35820895522388,0.01,9.00430298863062,5.67415730337079,8.46846846846847,10.0087012987013,1
Switzerland,Central Switzerland,CH06,9.13776900738521,9.70190981673018,10.0099998481904,9.97282608695652,9.39864864864865,7.96019900497512,1.29709000676743,9.42490342879146,5.67415730337079,10.0,10.0087012987013,1
Switzerland,Ticino,CH07,8.22579391904264,6.8278750235272,9.57653394255875,9.94565217391304,9.56522677216739,6.21890547263682,1.35348522445297,8.65302253717053,4.55056179775281,7.25225225225225,8.07692307692308,1
Türkiye,Istanbul,TR10,1.94145649210019,2.55900621118012,1.16249184073107,8.17934782608696,5.4406580493537,1.8407960199005,10.0098865955999,5.22239299395322,2.30337078651685,3.55855855855856,0.384615384615383,2
Türkiye,Thrace,TR21,1.77564283967427,4.4944475814041,0.888544386422977,8.01630434782609,4.38983548766158,2.98507462686567,9.9684186780961,3.94864081652423,3.25842696629214,1.93693693693694,0.384615384615383,2
Türkiye,Southern Marmara - West,TR22,1.41085280433724,4.2051571616789,0.718831592689295,7.93478260869565,4.5117508813161,2.83582089552239,10.0098872604284,3.70844331149257,4.10112359550562,3.73873873873874,1.92307692307692,2
Türkiye,Izmir,TR31,1.74248010918909,1.78590250329381,1.09293407310705,7.71739130434783,5.13542890716804,2.23880597014925,9.99323257387774,4.39394557300202,3.59550561797753,3.6036036036036,0.0097916666666666,2
Türkiye,Southern Aegean,TR32,1.06264413424281,3.67899491812535,0.841424608355091,7.44565217391304,5.58901292596945,0.00729,10.0,4.01295704035365,3.14606741573034,2.92792792792793,0.0097916666666666,2
Türkiye,Northern Aegean,TR33,0.0099691358024691,4.64718614718615,0.536267950391645,6.98369565217391,3.86809635722679,0.01,10.0098888271262,4.080620086952,3.14606741573034,1.66666666666667,0.01,2
Türkiye,Eastern Marmara - South,TR41,1.80880557015945,3.74910596649727,0.776762402088773,8.75,4.64776733254994,0.0497512437810952,10.0098880680546,4.60676322125396,2.86516853932584,5.31531531531531,1.53846153846154,2
Türkiye,Eastern Marmara - North,TR42,1.12896959521317,3.59457933370977,0.641726501305483,8.34239130434783,4.6545240893067,1.14427860696517,10.0098881181472,4.46862149713122,2.13483146067416,5.58558558558559,1.53846153846154,2
Türkiye,Ankara,TR51,3.4171979986909,1.99350649350649,1.02562010443864,8.64130434782609,5.81316098707403,2.78606965174129,10.0098883679393,4.82680265484125,3.70786516853933,4.63963963963964,0.76923076923077,2
Türkiye,Central Anatolia - West and South,TR52,0.0099693251533742,3.86203651421043,0.456715078328982,7.5,5.23002350176263,1.34328358208955,10.0098874887489,4.3498770759171,2.80898876404494,1.75675675675676,2.30769230769231,2
Türkiye,Mediterranean region - West,TR61,1.72589874394649,3.06841709015622,0.786553524804178,7.20108695652174,5.84018801410106,0.0497512437810952,9.73381457252425,4.24693612220481,3.42696629213483,3.55855855855856,0.01,2
Türkiye,Mediterranean region - Middle,TR62,0.631528637935408,1.82119329945417,0.342281331592689,7.01086956521739,4.66069330199765,0.597014925373136,9.62779156327543,4.43768952701471,2.35955056179775,2.83783783783784,0.0097959183673469,2
Türkiye,Mediterranean region - East,TR63,0.0180181239594965,0.520140304389183,0.15543407310705,8.42391304347826,5.14159811985899,0.00748,9.67290773742387,4.12913678172417,2.07865168539326,0.810810810810809,0.0097916666666666,2
Türkiye,Central Anatolia - Middle,TR71,0.100924950172458,1.95943911161303,0.433257180156658,7.82608695652174,4.82314923619272,2.23880597014925,9.47665237987819,3.91004814561535,2.64044943820225,0.495495495495493,0.0097826086956521,2
Türkiye,Central Anatolia - East,TR72,0.548621811722447,2.22990777338603,0.423262075718016,8.39673913043478,5.19594594594594,1.09452736318408,9.96616286938868,4.20858031165678,2.24719101123596,0.0099864314789687,0.0097727272727272,2
Türkiye,Western Black Sea - West,TR81,0.896830481816884,2.67419536984754,0.602358028720627,8.77717391304348,4.88513513513513,0.945273631840797,9.59169862395669,3.67675728264512,3.93258426966292,6.93693693693694,0.76923076923077,2
Türkiye,Western Black Sea - Middle and East,TR82,0.0099703264094955,5.56982872200263,0.57910411227154,7.47282608695652,5.25705052878966,3.83084577114428,9.25332731784345,3.61789419332588,3.20224719101124,7.7027027027027,1.53846153846154,2
Türkiye,Middle Black Sea,TR83,0.0099703264094955,4.51571616789008,0.531372389033943,7.69021739130435,5.1554054054054,3.78109452736318,9.91427926911798,3.84418746555172,2.30337078651685,5.81081081081081,1.53846153846154,2
Türkiye,Eastern Black Sea,TR90,1.04606276900021,3.80321852060982,0.668040143603133,8.28804347826087,6.70740305522914,3.6318407960199,9.10444394315362,4.05148462458495,2.92134831460674,4.27927927927928,0.76923076923077,2
Türkiye,Northeastern Anatolia - West,TRA1,0.714435464148369,2.5807470715559,0.243758159268929,8.39673913043478,5.21621621621621,1.24378109452736,9.44507105797429,4.16709371962404,0.842696629213483,0.0099862448418156,0.384615384615383,2
Türkiye,Northeastern Anatolia - East,TRA2,0.0099619771863117,1.48983789162815,0.0099996901146575,6.95652173913043,4.86339600470035,0.845771144278608,7.71486577938191,3.92350347405272,0.0086666666666666,0.0099843505477308,0.0097619047619047,2
Türkiye,Eastern Anatolia - West,TRB1,1.16213232569836,2.55045454545455,0.220708224543081,8.3695652173913,6.15804935370153,1.34328358208955,9.09993232573878,4.19790128699766,2.30337078651685,0.0099866131191432,0.0097727272727272,2
Türkiye,Eastern Anatolia - East,TRB2,0.0099612403100775,0.0089572773536895,0.0099996260284218,8.55978260869565,4.84988249118683,1.14427860696517,8.77284006316264,4.20220165224829,0.0088095238095238,0.01,0.0097297297297297,2
Türkiye,Southeastern Anatolia - West,TRC1,0.009968152866242,2.7287784679089,0.173384464751958,8.09782608695652,3.94212690951821,0.00729,9.14730430859463,4.50275530908211,0.224719101123596,0.009984639016897,0.0097916666666666,2
Türkiye,Southeastern Anatolia - Middle,TRC2,0.0099549549549549,1.15650149031297,0.0099996371552975,8.20652173913044,4.99882491186839,0.01,9.15632754342432,4.57125397182835,0.0087179487179487,0.009986577181208,0.0097619047619047,2
Türkiye,Southeastern Anatolia - East,TRC3,0.0099619771863117,0.0084844720496894,0.0099996229260935,8.96739130434783,6.36780258519388,0.00735,9.72930295510941,4.49434912938319,0.0087012987012987,0.0099865047233468,0.0097560975609756,2
United Kingdom,North East England,UKC,7.26407473497229,7.41765480895916,3.35182767624021,9.80978260869565,5.32638072855464,8.25870646766169,4.60184976314008,6.75644301601489,7.07865168539326,8.06306306306306,8.46153846153846,3
United Kingdom,North West England,UKD,7.52937657885376,8.23084886128365,3.71491514360313,9.64673913043478,5.61163337250293,7.56218905472637,4.91991879088653,6.74515887149492,6.96629213483146,8.91891891891892,8.46153846153846,3
United Kingdom,Yorkshire and The Humber,UKE,7.39672565691303,8.43120647468474,3.55030189295039,9.80978260869565,6.0719741480611,7.06467661691542,4.63343108504399,6.77609546155295,6.68539325842697,5.63063063063063,7.30769230769231,3
United Kingdom,East Midlands,UKF,7.38014429167043,8.44748729531338,3.72083061357702,9.78260869565217,6.68184488836663,7.2636815920398,5.26956914053688,6.78360798910738,6.96629213483146,5.72072072072072,6.92307692307692,3
United Kingdom,West Midlands,UKG,7.2309120044871,8.21833239224544,3.6496409921671,9.6195652173913,6.23472385428907,7.36318407960199,4.70336115497406,7.19614631471915,6.57303370786517,8.42342342342342,8.46153846153846,3
United Kingdom,East of England,UKH,7.72835296176487,9.24967061923584,4.5920365535248,9.83695652173913,7.75910693301998,7.2636815920398,5.51319648093842,6.97474855876499,6.68539325842697,7.88288288288288,8.07692307692308,3
United Kingdom,Greater London,UKI,8.90562989398892,8.23837756446452,6.44582245430809,9.67391304347826,8.08548766157462,6.81592039800995,5.33724340175953,7.64195722096552,4.8314606741573,6.44144144144144,7.30769230769231,3
United Kingdom,South East England,UKJ,8.20921255380004,9.21861471861472,5.14747878590078,9.89130434782609,8.09136310223266,7.46268656716418,5.95307917888563,7.23291316425237,6.51685393258427,8.06306306306306,7.69230769230769,3
United Kingdom,South West England,UKK,8.07656163185931,9.32354601919819,4.32094484334204,9.83695652173913,7.95505287896592,7.86069651741293,6.36363636363636,6.6302221546433,7.02247191011236,6.75675675675676,7.69230769230769,3
United Kingdom,Wales,UKL,7.2474933697297,8.36758893280632,3.39323596605744,9.86413043478261,6.05787309048179,8.1592039800995,5.13422061809158,6.08511418796497,7.24719101123596,6.48648648648649,7.69230769230769,3
United Kingdom,Scotland,UKM,7.6620275007945,8.48955392433653,3.94684236292428,9.70108695652174,4.97356051703878,9.20398009950249,5.47259192420483,6.73039690575945,5.61797752808989,8.33333333333333,8.46153846153846,3
United Kingdom,Northern Ireland,UKN,7.41330702215562,8.08432147562582,3.40649477806789,9.72826086956522,6.57285546415981,8.50746268656716,4.04692082111437,6.74093282520033,5.1123595505618,7.07207207207207,8.46153846153846,3
United States,Alabama,US01,8.96915708376094,7.38481084133258,6.93374673629243,7.47282608695652,1.00205640423032,8.45771144278607,4.35145499661629,7.83530132262354,10.0063235294118,7.65765765765766,8.07692307692308,1
United States,Alaska,US02,9.90699545398161,6.80406549971767,10.0099998163588,8.20652173913044,4.54994124559342,9.35323383084577,5.6372659598466,7.95839181147301,6.91011235955056,0.0099862637362637,10.0087804878049,1
United States,Arizona,US04,8.82291325603529,7.8146056841709,7.19157963446475,8.09782608695652,4.91803760282021,8.80597014925373,4.98308143469434,7.80144433250629,7.80898876404494,10.0,9.61538461538462,1
United States,Arkansas,US05,9.01223298345641,7.83813288161114,6.99616514360313,7.1195652173913,1.65217391304348,8.45771144278607,2.77238890142116,7.47772466043337,9.32584269662921,7.34234234234234,10.0087012987013,1
United States,California,US06,8.3919489817789,6.41737248258987,10.0099998146054,8.5054347826087,6.6539365452409,7.31343283582089,5.56959169862396,8.3668211197494,5.50561797752809,7.02702702702702,6.92307692307692,1
United States,Colorado,US08,9.66424078474335,8.31225296442688,9.5616432767624,8.64130434782609,5.81345475910693,9.75124378109453,7.35168057748703,8.71177469702603,8.76404494382023,8.91891891891892,8.46153846153846,1
United States,Connecticut,US09,9.62100653300982,7.41991341991342,10.0099998385977,8.96739130434783,5.75352526439483,8.90547263681592,6.24633431085044,8.60144773746386,8.93258426966292,7.34234234234234,8.84615384615385,1
United States,Delaware,US10,9.33639734743987,8.35883681535855,8.4917591383812,8.01630434782609,3.30111633372503,8.70646766169154,6.06586961425671,9.14321959015123,10.0064285714286,1.12612612612613,10.0087341772152,1
United States,District of Columbia,US11,9.71557304363407,8.28646715603237,10.0099998508398,2.1195652173913,2.84136310223267,8.30845771144279,4.57703586735845,8.48511914348796,7.58426966292135,10.0099,5.38461538461539,1
United States,Florida,US12,9.17282350583092,7.62525879917184,8.15600522193212,8.39673913043478,5.48619271445358,9.35323383084577,6.29145048499887,8.41114206005059,8.37078651685393,7.7027027027027,8.07692307692308,1
United States,Georgia,US13,9.07959013697218,7.94532279314888,7.49163674934726,7.63586956521739,3.3328437132785,8.35820895522388,5.45680126325288,8.40963460775932,8.82022471910112,7.38738738738739,6.53846153846154,1
United States,Hawaii,US15,9.88116251600191,6.87794089968003,8.99620593994778,9.26630434782609,7.18096357226792,10.0000256410256,3.08820212046018,8.21073903875772,5.1685393258427,0.0099795501022494,5.0,1
United States,Idaho,US16,9.52172726675632,8.50357613401092,7.25644582245431,9.42934782608696,5.35928319623972,9.50248756218905,5.45680126325288,7.19956124493527,8.65168539325843,4.5945945945946,10.0087179487179,1
United States,Illinois,US17,9.39293615501676,7.60248447204969,9.17530189295039,7.58152173913044,4.49294947121034,7.81094527363184,5.23122039251072,8.67053116096945,8.59550561797753,5.99099099099099,8.84615384615385,1
United States,Indiana,US18,9.25531496884455,8.14793901750424,7.69235476501305,8.01630434782609,2.56139835487661,8.25870646766169,3.96796751635461,7.99841794937058,9.49438202247191,9.00900900900901,7.30769230769231,1
United States,Iowa,US19,9.80088101734781,9.5742518351214,8.19516971279373,9.07608695652174,4.47267920094007,8.40796019900498,6.62982179111211,7.48428495858886,10.0,6.75675675675676,7.30769230769231,1
United States,Kansas,US20,9.51367651649009,9.56898174289479,8.44871899477807,9.10326086956522,3.78789659224442,8.70646766169154,4.98308143469434,7.55614064939734,9.7752808988764,8.69369369369369,9.61538461538462,1
United States,Kentucky,US21,9.11875681399805,7.03594955768869,6.79646703655352,8.07065217391304,1.34753231492362,8.40796019900498,4.75750056395218,7.36220868197365,9.60674157303371,8.37837837837838,7.30769230769231,1
United States,Louisiana,US22,8.77168346998178,6.68332392245436,7.55691090078329,5.73369565217391,1.34811985898943,8.75621890547264,4.62215204150688,7.64883403778072,8.70786516853933,3.69369369369369,7.69230769230769,1
United States,Maine,US23,9.94107430489644,8.43271221532091,7.99057604438642,9.59239130434783,4.24764982373678,10.0000217391304,7.32912249041281,6.52499518821172,10.0067213114754,5.31531531531531,8.07692307692308,1
United States,Maryland,US24,9.50721509008235,8.33079239600979,10.0099998104373,7.58152173913044,4.47796709753231,8.70646766169154,6.15610196255357,8.82197289764471,9.32584269662921,8.51351351351352,8.07692307692308,1
United States,Massachusetts,US25,9.69671024834775,7.83540372670807,10.0099998310211,9.40217391304348,5.90246768507638,9.25373134328358,6.38168283329574,8.39682964391893,8.59550561797753,10.0098974358974,6.53846153846154,1
United States,Michigan,US26,9.58224626524604,6.98136645962733,7.65890176240209,7.98913043478261,3.54406580493537,8.65671641791045,6.78772840063163,7.90932903644447,10.006336996337,4.72972972972973,5.76923076923077,1
United States,Minnesota,US27,9.91573648648289,8.93911161302466,9.05944027415144,9.1304347826087,6.08490011750881,9.00497512437811,8.16377171215881,7.78476946923323,9.9438202247191,9.32432432432432,7.69230769230769,1
United States,Mississippi,US28,8.81238292841068,6.88518727649162,6.13250652741514,7.1195652173913,0.0185067930834057,8.75621890547264,3.69727047146402,8.31281869418795,9.10112359550562,9.77477477477477,8.84615384615385,1
United States,Missouri,US29,9.52212157162179,8.28994918125353,7.61545365535248,6.84782608695652,2.74353701527615,8.40796019900498,4.93796526054591,7.81098828594803,9.9438202247191,8.10810810810811,8.07692307692308,1
United States,Montana,US30,10.0098954215229,9.49209486166008,7.79985313315927,8.66847826086957,4.32902467685077,10.0000204081633,6.6072637040379,5.96769886025362,10.0063099630996,10.0098981670061,10.0087179487179,1
United States,Nebraska,US31,9.60799563314492,10.0049392466586,8.66677545691906,9.07608695652174,4.83137485311398,8.85572139303483,5.88540491766298,7.99076797312092,9.8314606741573,8.24324324324324,7.30769230769231,1
United States,Nevada,US32,8.59803462503777,6.20600414078675,8.10684562663185,8.45108695652174,4.09136310223267,9.20398009950249,4.87029099932326,8.33552149649366,7.24719101123596,7.20720720720721,7.30769230769231,1
United States,New Hampshire,US33,9.94332340127795,9.01599849425936,10.0099998134154,9.78260869565217,4.71709753231493,9.60199004975124,7.14865779381908,8.82022661096353,10.006336996337,5.22522522522522,5.38461538461539,1
United States,New Jersey,US34,9.55740058175289,7.24985883681536,10.0099998258234,9.07608695652174,5.1786133960047,8.60696517412935,7.10354161967065,8.70597967490531,8.25842696629213,8.1981981981982,7.69230769230769,1
United States,New Mexico,US35,8.73046468319348,6.2738565782044,6.83746736292428,7.93478260869565,3.06786133960047,9.9502487562189,3.9454094292804,6.39949725252779,8.59550561797753,7.61261261261261,7.69230769230769,1
United States,New York,US36,9.12261562931731,6.38556371165067,10.0099998237295,8.94021739130435,5.80875440658049,8.70646766169154,4.46424543198737,8.33141285559949,7.47191011235955,7.34234234234234,6.92307692307692,1
United States,North Carolina,US37,9.16460627865765,7.51581027667984,7.4267705613577,7.82608695652174,3.786133960047,8.90547263681592,6.24633431085044,7.91376812134175,9.38202247191011,6.30630630630631,6.53846153846154,1
United States,North Dakota,US38,10.0098953090213,9.41520798042537,9.19345626631854,8.91304347826087,3.88425381903643,9.90049751243781,4.66726821565531,7.3716300857228,10.0063898916968,8.91891891891892,8.07692307692308,1
United States,Ohio,US39,9.58284037556268,7.8146056841709,7.86757506527415,8.125,2.61515863689777,8.25870646766169,5.32145274080758,7.62848129395616,10.0062962962963,8.96396396396397,8.46153846153846,1
United States,Oklahoma,US40,9.03535055706398,7.74496517974779,7.51570659268929,7.98913043478261,1.55757931844889,8.45771144278607,2.52424994360478,7.78737750977268,8.82022471910112,8.82882882882883,9.61538461538462,1
United States,Oregon,US41,9.38316492229295,7.89375117635987,8.15559725848564,9.23913043478261,5.68390129259694,9.30348258706468,7.14865779381908,7.98028602801687,8.14606741573034,8.06306306306306,7.30769230769231,1
United States,Pennsylvania,US42,9.61408082837529,7.26613965744401,9.13185378590078,7.90760869565217,3.97737955346651,8.35820895522388,6.15610196255357,8.05064821151306,10.0063099630996,9.32432432432432,7.69230769230769,1
United States,Rhode Island,US44,9.40942997065087,8.34330886504799,8.85647845953003,9.23913043478261,4.04847238542891,9.00497512437811,4.84773291224904,8.87997585262248,8.87640449438202,9.23423423423423,5.38461538461539,1
United States,South Carolina,US45,9.11181850752594,8.19376999811782,7.11569843342037,7.1195652173913,2.78378378378378,8.85572139303483,4.66726821565531,8.21402390743804,9.6629213483146,5.99099099099099,8.07692307692308,1
United States,South Dakota,US46,9.76129814805435,10.0049616025784,8.77529373368146,8.80434782608696,3.52497062279671,9.35323383084577,5.00563952176855,7.25189441153069,10.0,10.0099,3.07692307692308,1
United States,Tennessee,US47,9.18392638799736,7.94682853378506,7.84166938642298,7.41847826086957,1.52350176263219,8.70646766169154,3.60703812316715,8.28686951803623,9.38202247191011,7.74774774774775,7.69230769230769,1
United States,Texas,US48,8.53283802341312,7.15217391304348,8.40894255874674,8.23369565217391,4.24177438307873,8.60696517412935,3.74238664561245,8.42755399955984,6.79775280898876,6.98198198198198,7.30769230769231,1
United States,Utah,US49,9.73576665929476,8.96339168078299,7.6052545691906,9.18478260869565,5.59635722679201,9.00497512437811,5.72749830814347,8.46488411098398,7.07865168539326,9.68468468468468,6.92307692307692,1
United States,Vermont,US50,9.82590544795828,8.90730284208545,8.7581592689295,9.42934782608696,4.9885428907168,9.70149253731343,6.85540266185427,6.82868738379249,10.0067320261438,10.0099,7.69230769230769,1
United States,Virginia,US51,9.53520128415245,8.33427442123094,9.26281005221932,8.3695652173913,5.05405405405405,9.05472636815921,6.58470561696368,8.49093336948416,9.38202247191011,8.28828828828829,6.15384615384615,1
United States,Washington,US53,9.51780278923071,7.55514775079993,10.0099998167793,8.96739130434783,6.12426556991774,9.40298507462687,7.19377396796752,8.01314568577154,8.14606741573034,7.2972972972973,8.07692307692308,1
United States,West Virginia,US54,9.18411226510173,7.02042160737813,6.640625,8.26086956521739,0.694189189189189,8.95522388059701,3.1107602075344,7.16853068232239,10.0065034965035,10.0098972250771,8.07692307692308,1
United States,Wisconsin,US55,9.77300459191561,9.01599849425936,8.3306135770235,8.61413043478261,4.82491186839013,8.55721393034826,7.21633205504173,7.52298058459594,10.0,8.73873873873874,8.46153846153846,1
United States,Wyoming,US56,9.95774421462943,8.2789384528515,10.0,9.18478260869565,3.50940070505288,10.0000243902439,4.68982630272953,5.75334624005493,10.006336996337,9.72972972972973,8.07692307692308,1
